Tanggal,Waktu,Suhu1,Suhu2,Suhu3,Suhu4,Suhu5,Suhu6,Suhu7,Suhu8,Suhu9,Suhu10,Suhu11,Suhu12,Suhu Luar1,Suhu Luar2,Suhu Luar3,Suhu Luar4,Suhu Rerata,Suhu Luar Rerata,RH1,RH2,RH3,RH4,RH5,RH6,RH7,RH8,RH9,RH10,RH11,RH12,RH Luar1,RH Luar2,RH Luar3,RH Luar4,RH Rerata,RH Luar Rerata,IC1,IC2,IC3,IC4,IC5,IC6,IC7,IC8,IC9,IC10,IC11,IC12,IC Luar1,IC Luar2,IC Luar3,IC Luar4,IC Rerata,IC Luar Rerata,ID_Rumah_Kaca
2019-05-04,00:00:18,24,22,23,23,23,24,24,23,24,22,22,24,24,0,0,0,23.17,24.0,95,95,95,95,95,95,95,95,95,95,95,95,95,0,0,0,95.0,95.0,0,0,0,0,0,0,0,0,0,0,0,0,0,0,0,0,0,0,1
2019-05-04,00:01:18,24,23,23,23,23,24,24,23,24,22,22,24,24,0,0,0,23.25,24.0,95,95,95,95,95,95,95,95,95,95,95,95,95,0,0,0,95.0,95.0,0,0,0,0,0,0,0,0,0,0,0,0,0,0,0,0,0,0,1
2019-05-04,00:02:18,25,23,23,23,23,24,24,23,24,22,22,24,24,0,0,0,23.33,24.0,95,95,95,95,95,95,95,95,95,95,95,95,95,0,0,0,95.0,95.0,0,0,0,0,0,0,0,0,0,0,0,0,0,0,0,0,0,0,1
2019-05-04,00:03:18,25,22,23,23,22,24,24,23,25,22,22,24,24,0,0,0,23.25,24.0,95,95,95,95,95,95,95,95,95,95,95,95,95,0,0,0,95.0,95.0,0,0,0,0,0,0,0,0,0,0,0,0,0,0,0,0,0,0,1
2019-05-04,00:04:18,24,22,23,23,22,24,24,23,24,22,22,24,24,0,0,0,23.08,24.0,95,95,95,95,95,95,95,95,95,95,95,95,95,0,0,0,95.0,95.0,0,0,0,0,0,0,0,0,0,0,0,0,0,0,0,0,0,0,1
2019-05-04,00:05:18,24,23,23,23,22,24,24,23,24,22,23,24,24,0,0,0,23.25,24.0,95,95,95,95,95,95,95,95,95,95,95,95,95,0,0,0,95.0,95.0,0,0,0,0,0,0,0,0,0,0,0,0,0,0,0,0,0,0,1
2019-05-04,00:06:18,25,23,23,23,23,24,24,23,24,22,23,24,24,0,0,0,23.42,24.0,95,95,95,95,95,95,95,95,95,95,95,95,95,0,0,0,95.0,95.0,0,0,0,0,0,0,0,0,0,0,0,0,0,0,0,0,0,0,1
2019-05-04,00:07:18,25,22,23,23,23,24,24,23,24,22,21,24,24,0,0,0,23.17,24.0,95,95,95,95,95,95,95,95,95,95,94,95,95,0,0,0,94.92,95.0,0,0,0,0,0,0,0,0,0,0,0,0,0,0,0,0,0,0,1
2019-05-04,00:08:18,25,23,23,23,22,24,24,23,24,22,22,24,24,0,0,0,23.25,24.0,95,95,95,95,95,95,95,95,95,95,95,95,95,0,0,0,95.0,95.0,0,0,0,0,0,0,0,0,0,0,0,0,0,0,0,0,0,0,1
2019-05-04,00:09:18,25,22,23,23,23,24,24,23,24,22,22,24,24,0,0,0,23.25,24.0,95,95,95,95,95,95,95,95,95,95,95,95,95,0,0,0,95.0,95.0,0,0,0,0,0,0,0,0,0,0,0,0,0,0,0,0,0,0,1
2019-05-04,00:10:18,24,22,23,23,23,24,24,22,24,21,24,24,24,0,0,0,23.17,24.0,95,95,95,95,95,95,95,95,95,94,95,95,95,0,0,0,94.92,95.0,0,0,0,0,0,0,0,0,0,0,0,0,0,0,0,0,0,0,1
2019-05-04,00:11:18,24,22,23,23,22,24,24,23,24,22,22,24,24,0,0,0,23.08,24.0,95,95,95,95,95,95,95,95,95,95,95,95,95,0,0,0,95.0,95.0,0,0,0,0,0,0,0,0,0,0,0,0,0,0,0,0,0,0,1
2019-05-04,00:12:18,24,23,23,23,23,24,24,22,24,22,23,24,24,0,0,0,23.25,24.0,95,95,95,95,95,95,95,95,95,95,95,95,95,0,0,0,95.0,95.0,0,0,0,0,0,0,0,0,0,0,0,0,0,0,0,0,0,0,1
2019-05-04,00:13:18,24,22,23,23,22,24,24,22,24,22,22,24,24,0,0,0,23.0,24.0,95,95,95,95,95,95,95,95,95,95,95,95,95,0,0,0,95.0,95.0,0,0,0,0,0,0,0,0,0,0,0,0,0,0,0,0,0,0,1
2019-05-04,00:14:19,24,22,22,23,22,24,24,22,24,22,23,24,24,0,0,0,23.0,24.0,95,95,95,95,95,95,95,95,95,95,95,95,95,0,0,0,95.0,95.0,0,0,0,0,0,0,0,0,0,0,0,0,0,0,0,0,0,0,1
2019-05-04,00:15:19,24,22,23,23,22,24,24,22,24,22,22,24,24,0,0,0,23.0,24.0,95,95,95,95,95,95,95,95,95,95,95,95,95,0,0,0,95.0,95.0,0,0,0,0,0,0,0,0,0,0,0,0,0,0,0,0,0,0,1
2019-05-04,00:16:19,24,22,22,23,22,24,24,22,24,22,22,24,24,0,0,0,22.92,24.0,95,95,95,95,95,95,95,95,95,95,95,95,95,0,0,0,95.0,95.0,0,0,0,0,0,0,0,0,0,0,0,0,0,0,0,0,0,0,1
2019-05-04,00:17:19,24,22,22,23,23,23,24,22,24,22,22,24,24,0,0,0,22.92,24.0,95,95,95,95,95,95,95,95,95,95,95,95,95,0,0,0,95.0,95.0,0,0,0,0,0,0,0,0,0,0,0,0,0,0,0,0,0,0,1
2019-05-04,00:18:19,24,22,23,23,23,24,24,22,24,22,22,24,24,0,0,0,23.08,24.0,95,95,95,95,95,95,95,95,95,95,95,95,95,0,0,0,95.0,95.0,0,0,0,0,0,0,0,0,0,0,0,0,0,0,0,0,0,0,1
2019-05-04,00:19:19,24,22,22,23,22,24,24,23,24,22,22,24,24,0,0,0,23.0,24.0,95,95,95,95,95,95,95,95,95,95,95,95,95,0,0,0,95.0,95.0,0,0,0,0,0,0,0,0,0,0,0,0,0,0,0,0,0,0,1
2019-05-04,00:20:19,24,23,22,23,23,24,24,22,24,22,22,24,24,0,0,0,23.08,24.0,95,95,95,95,95,95,95,95,95,95,95,95,95,0,0,0,95.0,95.0,0,0,0,0,0,0,0,0,0,0,0,0,0,0,0,0,0,0,1
2019-05-04,00:21:19,24,22,22,23,23,24,24,23,24,22,22,24,24,0,0,0,23.08,24.0,95,95,95,95,95,95,95,95,95,95,95,95,95,0,0,0,95.0,95.0,0,0,0,0,0,0,0,0,0,0,0,0,0,0,0,0,0,0,1
2019-05-04,00:22:19,25,22,23,23,23,24,24,22,24,22,22,24,24,0,0,0,23.17,24.0,95,95,95,95,95,95,95,95,95,95,95,95,95,0,0,0,95.0,95.0,0,0,0,0,0,0,0,0,0,0,0,0,0,0,0,0,0,0,1
2019-05-04,00:23:19,24,23,23,23,23,24,24,23,24,22,22,24,24,0,0,0,23.25,24.0,95,95,95,95,95,95,95,95,95,95,95,95,95,0,0,0,95.0,95.0,0,0,0,0,0,0,0,0,0,0,0,0,0,0,0,0,0,0,1
2019-05-04,00:24:20,24,22,23,23,23,24,24,23,24,22,22,24,24,0,0,0,23.17,24.0,95,95,95,95,95,95,95,95,95,95,95,95,95,0,0,0,95.0,95.0,0,0,0,0,0,0,0,0,0,0,0,0,0,0,0,0,0,0,1
2019-05-04,00:25:20,25,23,23,23,23,24,24,23,25,23,22,24,24,0,0,0,23.5,24.0,95,95,95,95,95,95,95,95,95,95,95,95,95,0,0,0,95.0,95.0,0,0,0,0,0,0,0,0,0,0,0,0,0,0,0,0,0,0,1
2019-05-04,00:26:20,25,22,23,23,23,24,24,23,24,22,22,24,24,0,0,0,23.25,24.0,95,95,95,95,95,95,95,95,95,95,95,95,95,0,0,0,95.0,95.0,0,0,0,0,0,0,0,0,0,0,0,0,0,0,0,0,0,0,1
2019-05-04,00:27:20,24,22,23,23,23,24,24,23,24,22,22,24,24,0,0,0,23.17,24.0,95,95,95,95,95,95,95,95,95,95,95,95,95,0,0,0,95.0,95.0,0,0,0,0,0,0,0,0,0,0,0,0,0,0,0,0,0,0,1
2019-05-04,00:28:21,25,23,23,23,23,24,24,23,24,22,22,24,24,0,0,0,23.33,24.0,95,95,95,95,95,95,95,95,95,95,95,95,95,0,0,0,95.0,95.0,0,0,0,0,0,0,0,0,0,0,0,0,0,0,0,0,0,0,1
2019-05-04,00:29:21,25,23,23,23,22,24,24,23,24,22,22,24,24,0,0,0,23.25,24.0,95,95,95,95,95,95,95,95,95,95,95,95,95,0,0,0,95.0,95.0,0,0,0,0,0,0,0,0,0,0,0,0,0,0,0,0,0,0,1
2019-05-04,00:30:21,25,22,23,23,23,24,24,23,24,22,22,24,24,0,0,0,23.25,24.0,95,95,95,95,95,95,95,95,95,95,95,95,95,0,0,0,95.0,95.0,0,0,0,0,0,0,0,0,0,0,0,0,0,0,0,0,0,0,1
2019-05-04,00:31:21,25,23,23,23,23,24,24,23,24,21,22,24,24,0,0,0,23.25,24.0,95,95,95,95,95,95,95,95,95,94,95,95,95,0,0,0,94.92,95.0,0,0,0,0,0,0,0,0,0,0,0,0,0,0,0,0,0,0,1
2019-05-04,00:32:21,25,23,23,23,23,24,24,23,24,21,22,24,24,0,0,0,23.25,24.0,95,95,95,95,95,95,95,95,95,94,95,95,95,0,0,0,94.92,95.0,0,0,0,0,0,0,0,0,0,0,0,0,0,0,0,0,0,0,1
2019-05-04,00:33:21,25,22,23,23,22,24,24,23,24,22,22,24,24,0,0,0,23.17,24.0,95,95,95,95,95,95,95,95,95,95,95,95,95,0,0,0,95.0,95.0,0,0,0,0,0,0,0,0,0,0,0,0,0,0,0,0,0,0,1
2019-05-04,00:34:22,25,23,23,23,23,24,24,23,24,22,22,24,24,0,0,0,23.33,24.0,95,95,95,95,95,95,95,95,95,95,95,95,95,0,0,0,95.0,95.0,0,0,0,0,0,0,0,0,0,0,0,0,0,0,0,0,0,0,1
2019-05-04,00:35:22,25,23,23,23,23,24,24,23,24,22,23,24,24,0,0,0,23.42,24.0,95,95,95,95,95,95,95,95,95,95,95,95,95,0,0,0,95.0,95.0,0,0,0,0,0,0,0,0,0,0,0,0,0,0,0,0,0,0,1
2019-05-04,00:36:23,25,23,23,23,23,24,24,23,24,22,22,24,24,0,0,0,23.33,24.0,95,95,95,95,95,95,95,95,95,95,95,95,95,0,0,0,95.0,95.0,0,0,0,0,0,0,0,0,0,0,0,0,0,0,0,0,0,0,1
2019-05-04,00:37:23,25,23,23,23,23,24,24,23,24,22,22,24,24,0,0,0,23.33,24.0,95,95,95,95,95,95,95,95,95,95,95,95,95,0,0,0,95.0,95.0,0,0,0,0,0,0,0,0,0,0,0,0,0,0,0,0,0,0,1
2019-05-04,00:38:24,25,22,23,23,24,24,24,23,24,22,24,24,24,0,0,0,23.5,24.0,95,95,95,95,95,95,95,95,95,95,95,95,95,0,0,0,95.0,95.0,0,0,0,0,0,0,0,0,0,0,0,0,0,0,0,0,0,0,1
2019-05-04,00:39:25,25,22,23,23,23,24,25,23,24,22,23,24,24,0,0,0,23.42,24.0,95,95,95,95,95,95,95,95,95,95,95,95,95,0,0,0,95.0,95.0,0,0,0,0,0,0,0,0,0,0,0,0,0,0,0,0,0,0,1
2019-05-04,00:40:25,25,23,23,23,23,24,24,23,24,22,22,24,24,0,0,0,23.33,24.0,95,95,95,95,95,95,95,95,95,95,95,95,95,0,0,0,95.0,95.0,0,0,0,0,0,0,0,0,0,0,0,0,0,0,0,0,0,0,1
2019-05-04,00:41:25,25,23,23,23,23,24,24,23,24,22,21,24,24,0,0,0,23.25,24.0,95,95,95,95,95,95,95,95,95,95,94,95,95,0,0,0,94.92,95.0,0,0,0,0,0,0,0,0,0,0,0,0,0,0,0,0,0,0,1
2019-05-04,00:42:25,24,23,23,23,23,24,24,23,24,22,23,24,24,0,0,0,23.33,24.0,95,95,95,95,95,95,95,95,95,95,95,95,95,0,0,0,95.0,95.0,0,0,0,0,0,0,0,0,0,0,0,0,0,0,0,0,0,0,1
2019-05-04,00:43:25,26,22,23,23,23,24,24,23,24,22,23,24,24,0,0,0,23.42,24.0,95,95,95,95,95,95,95,95,95,95,95,95,95,0,0,0,95.0,95.0,0,0,0,0,0,0,0,0,0,0,0,0,0,0,0,0,0,0,1
2019-05-04,00:44:25,25,22,22,23,23,24,24,23,24,22,23,24,24,0,0,0,23.25,24.0,95,95,95,95,95,95,95,95,95,95,95,95,95,0,0,0,95.0,95.0,0,0,0,0,0,0,0,0,0,0,0,0,0,0,0,0,0,0,1
2019-05-04,00:45:26,25,22,23,23,23,24,24,23,24,22,23,24,24,0,0,0,23.33,24.0,95,95,95,95,95,95,95,95,95,95,95,95,95,0,0,0,95.0,95.0,0,0,0,0,0,0,0,0,0,0,0,0,0,0,0,0,0,0,1
2019-05-04,00:46:26,25,22,23,23,23,24,24,23,24,22,23,24,24,0,0,0,23.33,24.0,95,95,95,95,95,95,95,95,95,95,95,95,95,0,0,0,95.0,95.0,0,0,0,0,0,0,0,0,0,0,0,0,0,0,0,0,0,0,1
2019-05-04,00:47:26,25,23,23,23,23,24,24,23,24,22,22,24,24,0,0,0,23.33,24.0,95,95,95,95,95,95,95,95,95,95,95,95,95,0,0,0,95.0,95.0,0,0,0,0,0,0,0,0,0,0,0,0,0,0,0,0,0,0,1
2019-05-04,00:48:26,25,23,23,23,23,24,24,23,24,22,22,24,24,0,0,0,23.33,24.0,95,95,95,95,95,95,95,95,95,95,95,95,95,0,0,0,95.0,95.0,0,0,0,0,0,0,0,0,0,0,0,0,0,0,0,0,0,0,1
2019-05-04,00:49:26,25,22,23,23,22,24,25,23,24,23,23,24,24,0,0,0,23.42,24.0,95,95,95,95,95,95,95,95,95,95,95,95,95,0,0,0,95.0,95.0,0,0,0,0,0,0,0,0,0,0,0,0,0,0,0,0,0,0,1
2019-05-04,00:50:26,25,23,23,23,23,24,24,23,24,22,24,24,24,0,0,0,23.5,24.0,95,95,95,95,95,95,95,95,95,95,95,95,95,0,0,0,95.0,95.0,0,0,0,0,0,0,0,0,0,0,0,0,0,0,0,0,0,0,1
2019-05-04,00:51:26,25,23,22,23,23,24,24,23,24,22,22,24,24,0,0,0,23.25,24.0,95,95,95,95,95,95,95,95,95,95,95,95,95,0,0,0,95.0,95.0,0,0,0,0,0,0,0,0,0,0,0,0,0,0,0,0,0,0,1
2019-05-04,00:52:26,25,23,23,23,23,24,24,23,24,22,22,24,24,0,0,0,23.33,24.0,95,95,95,95,95,95,95,95,95,95,95,95,95,0,0,0,95.0,95.0,0,0,0,0,0,0,0,0,0,0,0,0,0,0,0,0,0,0,1
2019-05-04,00:53:26,25,22,23,23,23,24,24,23,25,22,22,24,24,0,0,0,23.33,24.0,95,95,95,95,95,95,95,95,95,95,95,95,95,0,0,0,95.0,95.0,0,0,0,0,0,0,0,0,0,0,0,0,0,0,0,0,0,0,1
2019-05-04,00:54:26,25,22,23,23,23,24,24,23,24,22,22,24,24,0,0,0,23.25,24.0,95,95,95,95,95,95,95,95,95,95,95,95,95,0,0,0,95.0,95.0,0,0,0,0,0,0,0,0,0,0,0,0,0,0,0,0,0,0,1
2019-05-04,00:55:26,24,22,23,23,22,24,24,22,24,22,22,24,24,0,0,0,23.0,24.0,95,95,95,95,95,95,95,95,95,95,95,95,95,0,0,0,95.0,95.0,0,0,0,0,0,0,0,0,0,0,0,0,0,0,0,0,0,0,1
2019-05-04,00:56:26,24,22,23,23,23,24,24,22,24,22,23,24,24,0,0,0,23.17,24.0,95,95,95,95,95,95,95,95,95,95,95,95,95,0,0,0,95.0,95.0,0,0,0,0,0,0,0,0,0,0,0,0,0,0,0,0,0,0,1
2019-05-04,00:57:26,24,22,23,23,23,24,24,23,24,22,21,24,24,0,0,0,23.08,24.0,95,95,95,95,95,95,95,95,95,95,94,95,95,0,0,0,94.92,95.0,0,0,0,0,0,0,0,0,0,0,0,0,0,0,0,0,0,0,1
2019-05-04,00:58:26,24,22,23,23,23,24,24,22,24,22,22,24,24,0,0,0,23.08,24.0,95,95,95,95,95,95,95,95,95,95,95,95,95,0,0,0,95.0,95.0,0,0,0,0,0,0,0,0,0,0,0,0,0,0,0,0,0,0,1
2019-05-04,00:59:26,25,23,23,23,23,24,24,22,24,22,23,24,24,0,0,0,23.33,24.0,95,95,95,95,95,95,95,95,95,95,95,95,95,0,0,0,95.0,95.0,0,0,0,0,0,0,0,0,0,0,0,0,0,0,0,0,0,0,1
2019-05-04,01:00:26,24,22,23,23,23,24,24,22,24,22,22,24,24,0,0,0,23.08,24.0,95,95,95,95,95,95,95,95,95,95,95,95,95,0,0,0,95.0,95.0,0,0,0,0,0,0,0,0,0,0,0,0,0,0,0,0,0,0,1
2019-05-04,01:01:26,24,22,23,23,23,24,24,22,24,22,22,24,24,0,0,0,23.08,24.0,95,95,95,95,95,95,95,95,95,95,95,95,95,0,0,0,95.0,95.0,0,0,0,0,0,0,0,0,0,0,0,0,0,0,0,0,0,0,1
2019-05-04,01:02:26,24,22,23,23,23,24,24,23,24,22,21,24,24,0,0,0,23.08,24.0,95,95,95,95,95,95,95,95,95,95,94,95,95,0,0,0,94.92,95.0,0,0,0,0,0,0,0,0,0,0,0,0,0,0,0,0,0,0,1
2019-05-04,01:03:26,25,22,23,23,22,24,24,23,24,22,22,24,24,0,0,0,23.17,24.0,95,95,95,95,95,95,95,95,95,95,95,95,95,0,0,0,95.0,95.0,0,0,0,0,0,0,0,0,0,0,0,0,0,0,0,0,0,0,1
2019-05-04,01:04:26,24,22,23,23,22,24,24,23,24,23,21,24,24,0,0,0,23.08,24.0,95,95,95,95,95,95,95,95,95,95,94,95,95,0,0,0,94.92,95.0,0,0,0,0,0,0,0,0,0,0,0,0,0,0,0,0,0,0,1
2019-05-04,01:05:26,24,23,23,23,23,24,24,23,24,22,22,24,24,0,0,0,23.25,24.0,95,95,95,95,95,95,95,95,95,95,95,95,95,0,0,0,95.0,95.0,0,0,0,0,0,0,0,0,0,0,0,0,0,0,0,0,0,0,1
2019-05-04,01:06:26,24,22,23,23,23,24,24,23,24,22,23,24,24,0,0,0,23.25,24.0,95,95,95,95,95,95,95,95,95,95,95,95,95,0,0,0,95.0,95.0,0,0,0,0,0,0,0,0,0,0,0,0,0,0,0,0,0,0,1
2019-05-04,01:07:26,25,22,23,23,23,24,24,23,24,23,22,24,24,0,0,0,23.33,24.0,95,95,95,95,95,95,95,95,95,95,95,95,95,0,0,0,95.0,95.0,0,0,0,0,0,0,0,0,0,0,0,0,0,0,0,0,0,0,1
2019-05-04,01:08:26,25,23,23,23,23,24,24,23,24,22,22,24,24,0,0,0,23.33,24.0,95,95,95,95,95,95,95,95,95,95,95,95,95,0,0,0,95.0,95.0,0,0,0,0,0,0,0,0,0,0,0,0,0,0,0,0,0,0,1
2019-05-04,01:09:26,25,22,23,23,23,24,24,23,24,22,23,24,24,0,0,0,23.33,24.0,95,95,95,95,95,95,95,95,95,95,95,95,95,0,0,0,95.0,95.0,0,0,0,0,0,0,0,0,0,0,0,0,0,0,0,0,0,0,1
2019-05-04,01:10:26,25,22,23,23,23,24,24,23,24,22,23,24,24,0,0,0,23.33,24.0,95,95,95,95,95,95,95,95,95,95,95,95,95,0,0,0,95.0,95.0,0,0,0,0,0,0,0,0,0,0,0,0,0,0,0,0,0,0,1
2019-05-04,01:11:26,25,23,23,23,23,24,24,23,24,22,23,24,24,0,0,0,23.42,24.0,95,95,95,95,95,95,95,95,95,95,95,95,95,0,0,0,95.0,95.0,0,0,0,0,0,0,0,0,0,0,0,0,0,0,0,0,0,0,1
2019-05-04,01:12:26,25,23,23,23,22,24,24,22,24,22,23,24,24,0,0,0,23.25,24.0,95,95,95,95,95,95,95,95,95,95,95,95,95,0,0,0,95.0,95.0,0,0,0,0,0,0,0,0,0,0,0,0,0,0,0,0,0,0,1
2019-05-04,01:13:26,24,22,23,23,23,24,24,23,24,22,22,24,24,0,0,0,23.17,24.0,95,95,95,95,95,95,95,95,95,95,95,95,95,0,0,0,95.0,95.0,0,0,0,0,0,0,0,0,0,0,0,0,0,0,0,0,0,0,1
2019-05-04,01:14:26,25,22,23,23,23,24,24,23,24,22,22,24,24,0,0,0,23.25,24.0,95,95,95,95,95,95,95,95,95,95,95,95,95,0,0,0,95.0,95.0,0,0,0,0,0,0,0,0,0,0,0,0,0,0,0,0,0,0,1
2019-05-04,01:15:27,25,23,23,23,23,24,24,23,25,22,22,24,24,0,0,0,23.42,24.0,95,95,95,95,95,95,95,95,95,95,95,95,95,0,0,0,95.0,95.0,0,0,0,0,0,0,0,0,0,0,0,0,0,0,0,0,0,0,1
2019-05-04,01:16:27,25,23,22,23,22,24,24,23,24,22,22,24,24,0,0,0,23.17,24.0,95,95,95,95,95,95,95,95,95,95,95,95,95,0,0,0,95.0,95.0,0,0,0,0,0,0,0,0,0,0,0,0,0,0,0,0,0,0,1
2019-05-04,01:17:27,24,22,23,23,22,24,24,22,24,22,22,24,24,0,0,0,23.0,24.0,95,95,95,95,95,95,95,95,95,95,95,95,95,0,0,0,95.0,95.0,0,0,0,0,0,0,0,0,0,0,0,0,0,0,0,0,0,0,1
2019-05-04,01:18:27,25,22,22,23,23,24,24,23,24,22,22,24,24,0,0,0,23.17,24.0,95,95,95,95,95,95,95,95,95,95,95,95,95,0,0,0,95.0,95.0,0,0,0,0,0,0,0,0,0,0,0,0,0,0,0,0,0,0,1
2019-05-04,01:19:27,24,22,22,23,23,24,24,22,24,22,22,24,24,0,0,0,23.0,24.0,95,95,95,95,95,95,95,95,95,95,95,95,95,0,0,0,95.0,95.0,0,0,0,0,0,0,0,0,0,0,0,0,0,0,0,0,0,0,1
2019-05-04,01:20:27,24,22,22,23,22,24,24,23,24,22,22,24,24,0,0,0,23.0,24.0,95,95,95,95,95,95,95,95,95,95,95,95,95,0,0,0,95.0,95.0,0,0,0,0,0,0,0,0,0,0,0,0,0,0,0,0,0,0,1
2019-05-04,01:21:27,25,23,23,23,23,24,24,22,25,22,23,24,24,0,0,0,23.42,24.0,95,95,95,95,95,95,95,95,95,95,95,95,95,0,0,0,95.0,95.0,0,0,0,0,0,0,0,0,0,0,0,0,0,0,0,0,0,0,1
2019-05-04,01:22:27,24,22,22,23,23,24,24,23,24,22,22,24,24,0,0,0,23.08,24.0,95,95,95,95,95,95,95,95,95,95,95,95,95,0,0,0,95.0,95.0,0,0,0,0,0,0,0,0,0,0,0,0,0,0,0,0,0,0,1
2019-05-04,01:23:27,24,22,23,23,23,24,24,23,24,22,23,24,24,0,0,0,23.25,24.0,95,95,95,95,95,95,95,95,95,95,95,95,95,0,0,0,95.0,95.0,0,0,0,0,0,0,0,0,0,0,0,0,0,0,0,0,0,0,1
2019-05-04,01:24:27,25,23,23,23,23,24,24,23,24,22,23,24,24,0,0,0,23.42,24.0,95,95,95,95,95,95,95,95,95,95,95,95,95,0,0,0,95.0,95.0,0,0,0,0,0,0,0,0,0,0,0,0,0,0,0,0,0,0,1
2019-05-04,01:25:27,25,22,23,23,23,24,24,23,24,22,23,24,24,0,0,0,23.33,24.0,95,95,95,95,95,95,95,95,95,95,95,95,95,0,0,0,95.0,95.0,0,0,0,0,0,0,0,0,0,0,0,0,0,0,0,0,0,0,1
2019-05-04,01:26:27,25,22,23,23,23,24,24,23,24,22,22,24,24,0,0,0,23.25,24.0,95,95,95,95,95,95,95,95,95,95,95,95,95,0,0,0,95.0,95.0,0,0,0,0,0,0,0,0,0,0,0,0,0,0,0,0,0,0,1
2019-05-04,01:27:27,25,22,23,23,23,24,24,23,24,22,22,24,24,0,0,0,23.25,24.0,95,95,95,95,95,95,95,95,95,95,95,95,95,0,0,0,95.0,95.0,0,0,0,0,0,0,0,0,0,0,0,0,0,0,0,0,0,0,1
2019-05-04,01:28:27,24,22,23,23,22,24,24,23,24,22,22,24,24,0,0,0,23.08,24.0,95,95,95,95,95,95,95,95,95,95,95,95,95,0,0,0,95.0,95.0,0,0,0,0,0,0,0,0,0,0,0,0,0,0,0,0,0,0,1
2019-05-04,01:29:27,25,22,23,23,22,24,24,23,24,22,22,24,24,0,0,0,23.17,24.0,95,95,95,95,95,95,95,95,95,95,95,95,95,0,0,0,95.0,95.0,0,0,0,0,0,0,0,0,0,0,0,0,0,0,0,0,0,0,1
2019-05-04,01:30:27,24,22,23,23,23,23,24,22,24,22,22,24,24,0,0,0,23.0,24.0,95,95,95,95,95,95,95,95,95,95,95,95,95,0,0,0,95.0,95.0,0,0,0,0,0,0,0,0,0,0,0,0,0,0,0,0,0,0,1
2019-05-04,01:31:27,24,22,23,23,23,24,24,22,24,22,22,24,24,0,0,0,23.08,24.0,95,95,95,95,95,95,95,95,95,95,95,95,95,0,0,0,95.0,95.0,0,0,0,0,0,0,0,0,0,0,0,0,0,0,0,0,0,0,1
2019-05-04,01:32:27,24,22,22,23,23,24,24,23,24,22,23,24,24,0,0,0,23.17,24.0,95,95,95,95,95,95,95,95,95,95,95,95,95,0,0,0,95.0,95.0,0,0,0,0,0,0,0,0,0,0,0,0,0,0,0,0,0,0,1
2019-05-04,01:33:27,24,23,23,23,23,24,24,22,24,22,23,24,24,0,0,0,23.25,24.0,95,95,95,95,95,95,95,95,95,95,95,95,95,0,0,0,95.0,95.0,0,0,0,0,0,0,0,0,0,0,0,0,0,0,0,0,0,0,1
2019-05-04,01:34:27,25,22,23,23,23,24,24,23,24,23,22,24,24,0,0,0,23.33,24.0,95,95,95,95,95,95,95,95,95,95,95,95,95,0,0,0,95.0,95.0,0,0,0,0,0,0,0,0,0,0,0,0,0,0,0,0,0,0,1
2019-05-04,01:35:27,24,22,23,23,23,24,24,23,24,22,22,24,24,0,0,0,23.17,24.0,95,95,95,95,95,95,95,95,95,95,95,95,95,0,0,0,95.0,95.0,0,0,0,0,0,0,0,0,0,0,0,0,0,0,0,0,0,0,1
2019-05-04,01:36:27,24,22,22,23,22,24,24,23,24,23,22,24,24,0,0,0,23.08,24.0,95,95,95,95,95,95,95,95,95,95,95,95,95,0,0,0,95.0,95.0,0,0,0,0,0,0,0,0,0,0,0,0,0,0,0,0,0,0,1
2019-05-04,01:37:27,25,22,23,23,23,24,24,22,24,22,23,24,24,0,0,0,23.25,24.0,95,95,95,95,95,95,95,95,95,95,95,95,95,0,0,0,95.0,95.0,0,0,0,0,0,0,0,0,0,0,0,0,0,0,0,0,0,0,1
2019-05-04,01:38:27,24,23,23,23,23,24,24,23,24,22,22,24,24,0,0,0,23.25,24.0,95,95,95,95,95,95,95,95,95,95,95,95,95,0,0,0,95.0,95.0,0,0,0,0,0,0,0,0,0,0,0,0,0,0,0,0,0,0,1
2019-05-04,01:39:27,25,23,23,23,22,24,24,22,24,22,22,24,24,0,0,0,23.17,24.0,95,95,95,95,95,95,95,95,95,95,95,95,95,0,0,0,95.0,95.0,0,0,0,0,0,0,0,0,0,0,0,0,0,0,0,0,0,0,1
2019-05-04,01:40:27,25,22,23,23,23,24,24,23,24,22,22,24,24,0,0,0,23.25,24.0,95,95,95,95,95,95,95,95,95,95,95,95,95,0,0,0,95.0,95.0,0,0,0,0,0,0,0,0,0,0,0,0,0,0,0,0,0,0,1
2019-05-04,01:41:28,25,22,23,23,23,24,24,23,24,22,22,24,24,0,0,0,23.25,24.0,95,95,95,95,95,95,95,95,95,95,95,95,95,0,0,0,95.0,95.0,0,0,0,0,0,0,0,0,0,0,0,0,0,0,0,0,0,0,1
2019-05-04,01:42:28,25,23,23,23,21,24,24,23,24,22,22,24,24,0,0,0,23.17,24.0,95,95,95,95,95,95,95,95,95,95,95,95,95,0,0,0,95.0,95.0,0,0,0,0,0,0,0,0,0,0,0,0,0,0,0,0,0,0,1
2019-05-04,01:43:28,25,22,23,23,23,24,24,23,24,22,22,24,24,0,0,0,23.25,24.0,95,95,95,95,95,95,95,95,95,95,95,95,95,0,0,0,95.0,95.0,0,0,0,0,0,0,0,0,0,0,0,0,0,0,0,0,0,0,1
2019-05-04,01:44:28,25,23,23,23,23,24,24,23,24,22,23,24,24,0,0,0,23.42,24.0,95,95,95,95,95,95,95,95,95,95,95,95,95,0,0,0,95.0,95.0,0,0,0,0,0,0,0,0,0,0,0,0,0,0,0,0,0,0,1
2019-05-04,01:45:28,25,22,23,23,23,24,24,23,24,22,22,24,24,0,0,0,23.25,24.0,95,95,95,95,95,95,95,95,95,95,95,95,95,0,0,0,95.0,95.0,0,0,0,0,0,0,0,0,0,0,0,0,0,0,0,0,0,0,1
2019-05-04,01:46:28,25,23,23,23,23,24,24,23,24,22,22,24,24,0,0,0,23.33,24.0,95,95,95,95,95,95,95,95,95,95,95,95,95,0,0,0,95.0,95.0,0,0,0,0,0,0,0,0,0,0,0,0,0,0,0,0,0,0,1
2019-05-04,01:47:28,25,23,23,23,23,24,24,23,24,22,24,24,24,0,0,0,23.5,24.0,95,95,95,95,95,95,95,95,95,95,95,95,95,0,0,0,95.0,95.0,0,0,0,0,0,0,0,0,0,0,0,0,0,0,0,0,0,0,1
2019-05-04,01:48:28,25,22,23,23,23,24,24,23,24,22,22,24,24,0,0,0,23.25,24.0,95,95,95,95,95,95,95,95,95,95,95,95,95,0,0,0,95.0,95.0,0,0,0,0,0,0,0,0,0,0,0,0,0,0,0,0,0,0,1
2019-05-04,01:49:28,25,22,23,23,23,24,24,23,24,22,23,24,24,0,0,0,23.33,24.0,95,95,95,95,95,95,95,95,95,95,95,95,95,0,0,0,95.0,95.0,0,0,0,0,0,0,0,0,0,0,0,0,0,0,0,0,0,0,1
2019-05-04,01:50:28,25,22,23,23,23,24,24,23,24,22,22,24,24,0,0,0,23.25,24.0,95,95,95,95,95,95,95,95,95,95,95,95,95,0,0,0,95.0,95.0,0,0,0,0,0,0,0,0,0,0,0,0,0,0,0,0,0,0,1
2019-05-04,01:51:28,24,23,22,23,22,24,24,23,24,22,22,24,24,0,0,0,23.08,24.0,95,95,95,95,95,95,95,95,95,95,95,95,95,0,0,0,95.0,95.0,0,0,0,0,0,0,0,0,0,0,0,0,0,0,0,0,0,0,1
2019-05-04,01:52:28,25,23,23,23,23,24,24,23,24,22,22,24,24,0,0,0,23.33,24.0,95,95,95,95,95,95,95,95,95,95,95,95,95,0,0,0,95.0,95.0,0,0,0,0,0,0,0,0,0,0,0,0,0,0,0,0,0,0,1
2019-05-04,01:53:28,24,22,23,23,22,24,24,22,24,22,22,24,24,0,0,0,23.0,24.0,95,95,95,95,95,95,95,95,95,95,95,95,95,0,0,0,95.0,95.0,0,0,0,0,0,0,0,0,0,0,0,0,0,0,0,0,0,0,1
2019-05-04,01:54:28,24,23,22,23,23,24,24,22,24,22,22,24,24,0,0,0,23.08,24.0,95,95,95,95,95,95,95,95,95,95,95,95,95,0,0,0,95.0,95.0,0,0,0,0,0,0,0,0,0,0,0,0,0,0,0,0,0,0,1
2019-05-04,01:55:28,24,22,22,23,22,24,24,22,24,22,22,24,24,0,0,0,22.92,24.0,95,95,95,95,95,95,95,95,95,95,95,95,95,0,0,0,95.0,95.0,0,0,0,0,0,0,0,0,0,0,0,0,0,0,0,0,0,0,1
2019-05-04,01:56:28,25,22,22,23,22,23,24,22,24,22,22,24,24,0,0,0,22.92,24.0,95,95,95,95,95,95,95,95,95,95,95,95,95,0,0,0,95.0,95.0,0,0,0,0,0,0,0,0,0,0,0,0,0,0,0,0,0,0,1
2019-05-04,01:57:28,24,23,22,23,22,24,24,23,24,22,22,24,24,0,0,0,23.08,24.0,95,95,95,95,95,95,95,95,95,95,95,95,95,0,0,0,95.0,95.0,0,0,0,0,0,0,0,0,0,0,0,0,0,0,0,0,0,0,1
2019-05-04,01:58:28,24,22,22,23,22,23,24,22,24,22,22,24,24,0,0,0,22.83,24.0,95,95,95,95,95,95,95,95,95,95,95,95,95,0,0,0,95.0,95.0,0,0,0,0,0,0,0,0,0,0,0,0,0,0,0,0,0,0,1
2019-05-04,01:59:28,25,22,22,23,22,24,24,22,24,22,22,24,23,0,0,0,23.0,23.0,95,95,95,95,95,95,95,95,95,95,95,95,95,0,0,0,95.0,95.0,0,0,0,0,0,0,0,0,0,0,0,0,0,0,0,0,0,0,1
2019-05-04,02:00:28,24,22,22,23,22,24,24,22,24,23,23,24,23,0,0,0,23.08,23.0,95,95,95,95,95,95,95,95,95,95,95,95,95,0,0,0,95.0,95.0,0,0,0,0,0,0,0,0,0,0,0,0,0,0,0,0,0,0,1
2019-05-04,02:01:28,24,22,22,23,22,24,24,22,24,21,21,24,24,0,0,0,22.75,24.0,95,95,95,95,95,95,95,95,95,94,94,95,95,0,0,0,94.83,95.0,0,0,0,0,0,0,0,0,0,0,0,0,0,0,0,0,0,0,1
2019-05-04,02:02:28,24,22,23,23,23,24,24,22,24,22,23,24,24,0,0,0,23.17,24.0,95,95,95,95,95,95,95,95,95,95,95,95,95,0,0,0,95.0,95.0,0,0,0,0,0,0,0,0,0,0,0,0,0,0,0,0,0,0,1
2019-05-04,02:03:28,24,22,22,23,22,24,24,22,24,22,21,24,23,0,0,0,22.83,23.0,95,95,95,95,95,95,95,95,95,95,94,95,95,0,0,0,94.92,95.0,0,0,0,0,0,0,0,0,0,0,0,0,0,0,0,0,0,0,1
2019-05-04,02:04:29,24,22,22,23,22,24,24,22,25,23,22,24,24,0,0,0,23.08,24.0,95,95,95,95,95,95,95,95,95,95,95,95,95,0,0,0,95.0,95.0,0,0,0,0,0,0,0,0,0,0,0,0,0,0,0,0,0,0,1
2019-05-04,02:05:29,24,22,22,23,23,24,24,22,24,21,22,24,24,0,0,0,22.92,24.0,95,95,95,95,95,95,95,95,95,94,95,95,95,0,0,0,94.92,95.0,0,0,0,0,0,0,0,0,0,0,0,0,0,0,0,0,0,0,1
2019-05-04,02:06:29,24,22,23,23,23,24,24,22,24,22,22,24,24,0,0,0,23.08,24.0,95,95,95,95,95,95,95,95,95,95,95,95,95,0,0,0,95.0,95.0,0,0,0,0,0,0,0,0,0,0,0,0,0,0,0,0,0,0,1
2019-05-04,02:07:29,24,22,22,23,23,24,24,23,24,22,24,24,24,0,0,0,23.25,24.0,95,95,95,95,95,95,95,95,95,95,95,95,95,0,0,0,95.0,95.0,0,0,0,0,0,0,0,0,0,0,0,0,0,0,0,0,0,0,1
2019-05-04,02:08:29,24,22,23,23,23,24,24,22,24,22,22,24,24,0,0,0,23.08,24.0,95,95,95,95,95,95,95,95,95,95,95,95,95,0,0,0,95.0,95.0,0,0,0,0,0,0,0,0,0,0,0,0,0,0,0,0,0,0,1
2019-05-04,02:09:29,25,22,23,23,23,24,24,22,24,22,23,24,24,0,0,0,23.25,24.0,95,95,95,95,95,95,95,95,95,95,95,95,95,0,0,0,95.0,95.0,0,0,0,0,0,0,0,0,0,0,0,0,0,0,0,0,0,0,1
2019-05-04,02:10:29,24,22,22,23,23,24,24,22,24,22,22,24,24,0,0,0,23.0,24.0,95,95,95,95,95,95,95,95,95,95,95,95,95,0,0,0,95.0,95.0,0,0,0,0,0,0,0,0,0,0,0,0,0,0,0,0,0,0,1
2019-05-04,02:11:29,24,22,23,23,23,24,24,22,24,21,22,24,24,0,0,0,23.0,24.0,95,95,95,95,95,95,95,95,95,94,95,95,95,0,0,0,94.92,95.0,0,0,0,0,0,0,0,0,0,0,0,0,0,0,0,0,0,0,1
2019-05-04,02:12:29,24,22,22,23,23,24,24,22,24,22,22,24,23,0,0,0,23.0,23.0,95,95,95,95,95,95,95,95,95,95,95,95,95,0,0,0,95.0,95.0,0,0,0,0,0,0,0,0,0,0,0,0,0,0,0,0,0,0,1
2019-05-04,02:13:29,24,22,23,23,22,24,24,22,24,22,22,24,23,0,0,0,23.0,23.0,95,95,95,95,95,95,95,95,95,95,95,95,95,0,0,0,95.0,95.0,0,0,0,0,0,0,0,0,0,0,0,0,0,0,0,0,0,0,1
2019-05-04,02:14:29,25,22,22,23,23,24,24,22,24,21,21,24,23,0,0,0,22.92,23.0,95,95,95,95,95,95,95,95,95,94,94,95,95,0,0,0,94.83,95.0,0,0,0,0,0,0,0,0,0,0,0,0,0,0,0,0,0,0,1
2019-05-04,02:15:29,24,22,22,23,22,24,24,22,24,22,21,24,24,0,0,0,22.83,24.0,95,95,95,95,95,95,95,95,95,95,94,95,95,0,0,0,94.92,95.0,0,0,0,0,0,0,0,0,0,0,0,0,0,0,0,0,0,0,1
2019-05-04,02:16:29,24,23,23,23,22,24,24,22,24,22,22,24,23,0,0,0,23.08,23.0,95,95,95,95,95,95,95,95,95,95,95,95,95,0,0,0,95.0,95.0,0,0,0,0,0,0,0,0,0,0,0,0,0,0,0,0,0,0,1
2019-05-04,02:17:29,24,22,23,23,22,24,24,22,24,22,22,24,24,0,0,0,23.0,24.0,95,95,95,95,95,95,95,95,95,95,95,95,95,0,0,0,95.0,95.0,0,0,0,0,0,0,0,0,0,0,0,0,0,0,0,0,0,0,1
2019-05-04,02:18:30,24,22,23,23,22,24,24,22,24,22,22,24,24,0,0,0,23.0,24.0,95,95,95,95,95,95,95,95,95,95,95,95,95,0,0,0,95.0,95.0,0,0,0,0,0,0,0,0,0,0,0,0,0,0,0,0,0,0,1
2019-05-04,02:19:30,25,22,23,23,23,24,24,23,24,22,23,24,24,0,0,0,23.33,24.0,95,95,95,95,95,95,95,95,95,95,95,95,95,0,0,0,95.0,95.0,0,0,0,0,0,0,0,0,0,0,0,0,0,0,0,0,0,0,1
2019-05-04,02:20:30,24,22,23,23,23,24,24,23,24,22,22,24,24,0,0,0,23.17,24.0,95,95,95,95,95,95,95,95,95,95,95,95,95,0,0,0,95.0,95.0,0,0,0,0,0,0,0,0,0,0,0,0,0,0,0,0,0,0,1
2019-05-04,02:21:30,24,22,23,23,22,24,24,22,24,22,22,24,24,0,0,0,23.0,24.0,95,95,95,95,95,95,95,95,95,95,95,95,95,0,0,0,95.0,95.0,0,0,0,0,0,0,0,0,0,0,0,0,0,0,0,0,0,0,1
2019-05-04,02:22:30,25,22,23,23,22,24,24,22,24,22,22,24,24,0,0,0,23.08,24.0,95,95,95,95,95,95,95,95,95,95,95,95,95,0,0,0,95.0,95.0,0,0,0,0,0,0,0,0,0,0,0,0,0,0,0,0,0,0,1
2019-05-04,02:23:30,24,22,23,23,23,24,24,23,24,22,22,24,24,0,0,0,23.17,24.0,95,95,95,95,95,95,95,95,95,95,95,95,95,0,0,0,95.0,95.0,0,0,0,0,0,0,0,0,0,0,0,0,0,0,0,0,0,0,1
2019-05-04,02:24:31,24,22,23,23,23,24,24,23,25,22,22,24,24,0,0,0,23.25,24.0,95,95,95,95,95,95,95,95,95,95,95,95,95,0,0,0,95.0,95.0,0,0,0,0,0,0,0,0,0,0,0,0,0,0,0,0,0,0,1
2019-05-04,02:25:31,24,22,23,23,23,24,24,23,24,22,22,24,24,0,0,0,23.17,24.0,95,95,95,95,95,95,95,95,95,95,95,95,95,0,0,0,95.0,95.0,0,0,0,0,0,0,0,0,0,0,0,0,0,0,0,0,0,0,1
2019-05-04,02:26:31,24,22,23,23,23,24,24,23,24,22,22,24,24,0,0,0,23.17,24.0,95,95,95,95,95,95,95,95,95,95,95,95,95,0,0,0,95.0,95.0,0,0,0,0,0,0,0,0,0,0,0,0,0,0,0,0,0,0,1
2019-05-04,02:27:31,24,22,23,23,23,24,24,22,24,22,22,24,24,0,0,0,23.08,24.0,95,95,95,95,95,95,95,95,95,95,95,95,95,0,0,0,95.0,95.0,0,0,0,0,0,0,0,0,0,0,0,0,0,0,0,0,0,0,1
2019-05-04,02:28:31,24,22,23,23,23,24,24,23,24,22,22,24,24,0,0,0,23.17,24.0,95,95,95,95,95,95,95,95,95,95,95,95,95,0,0,0,95.0,95.0,0,0,0,0,0,0,0,0,0,0,0,0,0,0,0,0,0,0,1
2019-05-04,02:29:31,24,22,23,23,23,24,24,22,25,22,21,24,24,0,0,0,23.08,24.0,95,95,95,95,95,95,95,95,95,95,94,95,95,0,0,0,94.92,95.0,0,0,0,0,0,0,0,0,0,0,0,0,0,0,0,0,0,0,1
2019-05-04,02:30:31,25,22,22,23,23,24,24,23,24,22,22,24,24,0,0,0,23.17,24.0,95,95,95,95,95,95,95,95,95,95,95,95,95,0,0,0,95.0,95.0,0,0,0,0,0,0,0,0,0,0,0,0,0,0,0,0,0,0,1
2019-05-04,02:31:31,25,22,22,23,23,24,24,23,24,22,21,24,24,0,0,0,23.08,24.0,95,95,95,95,95,95,95,95,95,95,94,95,95,0,0,0,94.92,95.0,0,0,0,0,0,0,0,0,0,0,0,0,0,0,0,0,0,0,1
2019-05-04,02:32:31,24,22,23,23,23,24,24,23,24,22,22,24,24,0,0,0,23.17,24.0,95,95,95,95,95,95,95,95,95,95,95,95,95,0,0,0,95.0,95.0,0,0,0,0,0,0,0,0,0,0,0,0,0,0,0,0,0,0,1
2019-05-04,02:33:31,24,22,23,23,23,24,24,22,24,22,22,24,24,0,0,0,23.08,24.0,95,95,95,95,95,95,95,95,95,95,95,95,95,0,0,0,95.0,95.0,0,0,0,0,0,0,0,0,0,0,0,0,0,0,0,0,0,0,1
2019-05-04,02:34:31,25,22,23,23,23,24,24,22,24,22,23,24,23,0,0,0,23.25,23.0,95,95,95,95,95,95,95,95,95,95,95,95,95,0,0,0,95.0,95.0,0,0,0,0,0,0,0,0,0,0,0,0,0,0,0,0,0,0,1
2019-05-04,02:35:31,24,22,23,23,22,24,24,23,24,22,22,24,23,0,0,0,23.08,23.0,95,95,95,95,95,95,95,95,95,95,95,95,95,0,0,0,95.0,95.0,0,0,0,0,0,0,0,0,0,0,0,0,0,0,0,0,0,0,1
2019-05-04,02:36:31,24,22,22,23,22,24,24,22,24,22,22,24,24,0,0,0,22.92,24.0,95,95,95,95,95,95,95,95,95,95,95,95,95,0,0,0,95.0,95.0,0,0,0,0,0,0,0,0,0,0,0,0,0,0,0,0,0,0,1
2019-05-04,02:37:31,24,22,22,23,22,24,24,22,24,22,22,24,24,0,0,0,22.92,24.0,95,95,95,95,95,95,95,95,95,95,95,95,95,0,0,0,95.0,95.0,0,0,0,0,0,0,0,0,0,0,0,0,0,0,0,0,0,0,1
2019-05-04,02:38:31,24,22,22,23,22,24,24,22,24,22,22,24,24,0,0,0,22.92,24.0,95,95,95,95,95,95,95,95,95,95,95,95,95,0,0,0,95.0,95.0,0,0,0,0,0,0,0,0,0,0,0,0,0,0,0,0,0,0,1
2019-05-04,02:39:31,24,22,23,23,22,24,24,22,24,22,22,24,23,0,0,0,23.0,23.0,95,95,95,95,95,95,95,95,95,95,95,95,95,0,0,0,95.0,95.0,0,0,0,0,0,0,0,0,0,0,0,0,0,0,0,0,0,0,1
2019-05-04,02:40:31,24,22,22,23,22,24,24,22,24,22,22,24,23,0,0,0,22.92,23.0,95,95,95,95,95,95,95,95,95,95,95,95,95,0,0,0,95.0,95.0,0,0,0,0,0,0,0,0,0,0,0,0,0,0,0,0,0,0,1
2019-05-04,02:41:31,24,22,22,23,22,24,24,22,24,22,22,24,23,0,0,0,22.92,23.0,95,95,95,95,95,95,95,95,95,95,95,95,95,0,0,0,95.0,95.0,0,0,0,0,0,0,0,0,0,0,0,0,0,0,0,0,0,0,1
2019-05-04,02:42:31,24,22,22,23,22,23,24,22,24,22,22,24,23,0,0,0,22.83,23.0,95,95,95,95,95,95,95,95,95,95,95,95,95,0,0,0,95.0,95.0,0,0,0,0,0,0,0,0,0,0,0,0,0,0,0,0,0,0,1
2019-05-04,02:43:31,24,22,22,23,22,23,24,22,24,22,22,24,23,0,0,0,22.83,23.0,95,95,95,95,95,95,95,95,95,95,95,95,95,0,0,0,95.0,95.0,0,0,0,0,0,0,0,0,0,0,0,0,0,0,0,0,0,0,1
2019-05-04,02:44:31,24,22,22,23,23,23,24,22,24,22,22,24,23,0,0,0,22.92,23.0,95,95,95,95,95,95,95,95,95,95,95,95,95,0,0,0,95.0,95.0,0,0,0,0,0,0,0,0,0,0,0,0,0,0,0,0,0,0,1
2019-05-04,02:45:31,24,22,23,23,21,23,24,22,24,21,22,24,23,0,0,0,22.75,23.0,95,95,95,95,94,95,95,95,95,94,95,95,95,0,0,0,94.83,95.0,0,0,0,0,0,0,0,0,0,0,0,0,0,0,0,0,0,0,1
2019-05-04,02:46:32,24,22,22,23,22,24,24,22,24,22,22,24,23,0,0,0,22.92,23.0,95,95,95,95,95,95,95,95,95,95,95,95,95,0,0,0,95.0,95.0,0,0,0,0,0,0,0,0,0,0,0,0,0,0,0,0,0,0,1
2019-05-04,02:47:32,24,22,23,23,22,23,24,22,24,22,23,24,23,0,0,0,23.0,23.0,95,95,95,95,95,95,95,95,95,95,95,95,95,0,0,0,95.0,95.0,0,0,0,0,0,0,0,0,0,0,0,0,0,0,0,0,0,0,1
2019-05-04,02:48:32,24,22,22,23,22,24,24,22,24,22,22,24,23,0,0,0,22.92,23.0,95,95,95,95,95,95,95,95,95,95,95,95,95,0,0,0,95.0,95.0,0,0,0,0,0,0,0,0,0,0,0,0,0,0,0,0,0,0,1
2019-05-04,02:49:32,24,22,22,23,22,23,24,22,24,22,22,24,23,0,0,0,22.83,23.0,95,95,95,95,95,95,95,95,95,95,95,95,95,0,0,0,95.0,95.0,0,0,0,0,0,0,0,0,0,0,0,0,0,0,0,0,0,0,1
2019-05-04,02:50:32,24,22,23,23,22,23,24,22,23,22,22,24,23,0,0,0,22.83,23.0,95,95,95,95,95,95,95,95,95,95,95,95,95,0,0,0,95.0,95.0,0,0,0,0,0,0,0,0,0,0,0,0,0,0,0,0,0,0,1
2019-05-04,02:51:32,25,22,23,23,22,23,24,22,24,22,22,24,23,0,0,0,23.0,23.0,95,95,95,95,95,95,95,95,95,95,95,95,95,0,0,0,95.0,95.0,0,0,0,0,0,0,0,0,0,0,0,0,0,0,0,0,0,0,1
2019-05-04,02:52:32,24,22,22,23,22,24,24,22,24,22,22,24,24,0,0,0,22.92,24.0,95,95,95,95,95,95,95,95,95,95,95,95,95,0,0,0,95.0,95.0,0,0,0,0,0,0,0,0,0,0,0,0,0,0,0,0,0,0,1
2019-05-04,02:53:32,24,22,23,23,22,24,24,22,24,22,22,24,24,0,0,0,23.0,24.0,95,95,95,95,95,95,95,95,95,95,95,95,95,0,0,0,95.0,95.0,0,0,0,0,0,0,0,0,0,0,0,0,0,0,0,0,0,0,1
2019-05-04,02:54:32,24,22,22,23,22,24,24,22,24,22,22,24,24,0,0,0,22.92,24.0,95,95,95,95,95,95,95,95,95,95,95,95,95,0,0,0,95.0,95.0,0,0,0,0,0,0,0,0,0,0,0,0,0,0,0,0,0,0,1
2019-05-04,02:55:32,24,22,22,23,22,23,24,22,24,22,22,24,24,0,0,0,22.83,24.0,95,95,95,95,95,95,95,95,95,95,95,95,95,0,0,0,95.0,95.0,0,0,0,0,0,0,0,0,0,0,0,0,0,0,0,0,0,0,1
2019-05-04,02:56:32,24,22,22,23,23,23,24,22,24,22,23,24,24,0,0,0,23.0,24.0,95,95,95,95,95,95,95,95,95,95,95,95,95,0,0,0,95.0,95.0,0,0,0,0,0,0,0,0,0,0,0,0,0,0,0,0,0,0,1
2019-05-04,02:57:32,24,22,23,23,23,24,24,23,24,22,22,24,24,0,0,0,23.17,24.0,95,95,95,95,95,95,95,95,95,95,95,95,95,0,0,0,95.0,95.0,0,0,0,0,0,0,0,0,0,0,0,0,0,0,0,0,0,0,1
2019-05-04,02:58:32,24,23,22,23,23,24,24,23,24,22,22,24,24,0,0,0,23.17,24.0,95,95,95,95,95,95,95,95,95,95,95,95,95,0,0,0,95.0,95.0,0,0,0,0,0,0,0,0,0,0,0,0,0,0,0,0,0,0,1
2019-05-04,02:59:32,24,22,23,23,23,24,24,22,24,23,21,24,24,0,0,0,23.08,24.0,95,95,95,95,95,95,95,95,95,95,94,95,95,0,0,0,94.92,95.0,0,0,0,0,0,0,0,0,0,0,0,0,0,0,0,0,0,0,1
2019-05-04,03:00:32,24,22,23,23,23,24,24,22,24,22,21,24,24,0,0,0,23.0,24.0,95,95,95,95,95,95,95,95,95,95,94,95,95,0,0,0,94.92,95.0,0,0,0,0,0,0,0,0,0,0,0,0,0,0,0,0,0,0,1
2019-05-04,03:01:32,24,22,22,23,22,24,24,23,24,22,22,24,24,0,0,0,23.0,24.0,95,95,95,95,95,95,95,95,95,95,95,95,95,0,0,0,95.0,95.0,0,0,0,0,0,0,0,0,0,0,0,0,0,0,0,0,0,0,1
2019-05-04,03:02:32,24,22,23,23,23,24,24,22,24,22,22,24,24,0,0,0,23.08,24.0,95,95,95,95,95,95,95,95,95,95,95,95,95,0,0,0,95.0,95.0,0,0,0,0,0,0,0,0,0,0,0,0,0,0,0,0,0,0,1
2019-05-04,03:03:32,24,22,23,23,23,24,24,23,24,22,22,24,24,0,0,0,23.17,24.0,95,95,95,95,95,95,95,95,95,95,95,95,95,0,0,0,95.0,95.0,0,0,0,0,0,0,0,0,0,0,0,0,0,0,0,0,0,0,1
2019-05-04,03:04:32,24,22,23,23,23,24,24,22,24,22,22,24,24,0,0,0,23.08,24.0,95,95,95,95,95,95,95,95,95,95,95,95,95,0,0,0,95.0,95.0,0,0,0,0,0,0,0,0,0,0,0,0,0,0,0,0,0,0,1
2019-05-04,03:05:32,25,22,23,23,23,24,24,22,24,22,22,24,24,0,0,0,23.17,24.0,95,95,95,95,95,95,95,95,95,95,95,95,95,0,0,0,95.0,95.0,0,0,0,0,0,0,0,0,0,0,0,0,0,0,0,0,0,0,1
2019-05-04,03:06:32,24,23,23,23,23,24,24,22,24,22,22,24,24,0,0,0,23.17,24.0,95,95,95,95,95,95,95,95,95,95,95,95,95,0,0,0,95.0,95.0,0,0,0,0,0,0,0,0,0,0,0,0,0,0,0,0,0,0,1
2019-05-04,03:07:32,24,22,23,23,22,24,24,23,24,22,22,24,24,0,0,0,23.08,24.0,95,95,95,95,95,95,95,95,95,95,95,95,95,0,0,0,95.0,95.0,0,0,0,0,0,0,0,0,0,0,0,0,0,0,0,0,0,0,1
2019-05-04,03:08:32,24,22,23,23,23,24,24,22,24,22,22,24,24,0,0,0,23.08,24.0,95,95,95,95,95,95,95,95,95,95,95,95,95,0,0,0,95.0,95.0,0,0,0,0,0,0,0,0,0,0,0,0,0,0,0,0,0,0,1
2019-05-04,03:09:32,24,22,23,23,23,24,24,22,24,22,23,24,24,0,0,0,23.17,24.0,95,95,95,95,95,95,95,95,95,95,95,95,95,0,0,0,95.0,95.0,0,0,0,0,0,0,0,0,0,0,0,0,0,0,0,0,0,0,1
2019-05-04,03:10:32,25,22,23,23,23,24,24,22,24,22,22,24,24,0,0,0,23.17,24.0,95,95,95,95,95,95,95,95,95,95,95,95,95,0,0,0,95.0,95.0,0,0,0,0,0,0,0,0,0,0,0,0,0,0,0,0,0,0,1
2019-05-04,03:11:33,25,22,23,23,23,24,24,22,24,22,22,24,24,0,0,0,23.17,24.0,95,95,95,95,95,95,95,95,95,95,95,95,95,0,0,0,95.0,95.0,0,0,0,0,0,0,0,0,0,0,0,0,0,0,0,0,0,0,1
2019-05-04,03:12:33,24,22,22,23,23,24,24,22,24,22,22,24,24,0,0,0,23.0,24.0,95,95,95,95,95,95,95,95,95,95,95,95,95,0,0,0,95.0,95.0,0,0,0,0,0,0,0,0,0,0,0,0,0,0,0,0,0,0,1
2019-05-04,03:13:33,24,22,23,23,22,24,24,22,24,23,21,24,24,0,0,0,23.0,24.0,95,95,95,95,95,95,95,95,95,95,94,95,95,0,0,0,94.92,95.0,0,0,0,0,0,0,0,0,0,0,0,0,0,0,0,0,0,0,1
2019-05-04,03:14:33,24,22,22,23,24,24,24,22,24,21,23,24,24,0,0,0,23.08,24.0,95,95,95,95,95,95,95,95,95,94,95,95,95,0,0,0,94.92,95.0,0,0,0,0,0,0,0,0,0,0,0,0,0,0,0,0,0,0,1
2019-05-04,03:15:33,24,22,22,23,23,24,24,23,24,22,22,24,24,0,0,0,23.08,24.0,95,95,95,95,95,95,95,95,95,95,95,95,95,0,0,0,95.0,95.0,0,0,0,0,0,0,0,0,0,0,0,0,0,0,0,0,0,0,1
2019-05-04,03:16:33,24,22,22,23,22,24,24,22,24,22,22,24,24,0,0,0,22.92,24.0,95,95,95,95,95,95,95,95,95,95,95,95,95,0,0,0,95.0,95.0,0,0,0,0,0,0,0,0,0,0,0,0,0,0,0,0,0,0,1
2019-05-04,03:17:33,24,22,22,23,22,24,24,22,24,22,22,24,24,0,0,0,22.92,24.0,95,95,95,95,95,95,95,95,95,95,95,95,95,0,0,0,95.0,95.0,0,0,0,0,0,0,0,0,0,0,0,0,0,0,0,0,0,0,1
2019-05-04,03:18:33,24,22,22,23,22,24,24,22,24,22,22,24,24,0,0,0,22.92,24.0,95,95,95,95,95,95,95,95,95,95,95,95,95,0,0,0,95.0,95.0,0,0,0,0,0,0,0,0,0,0,0,0,0,0,0,0,0,0,1
2019-05-04,03:19:33,24,23,22,23,22,24,24,22,24,22,22,24,24,0,0,0,23.0,24.0,95,95,95,95,95,95,95,95,95,95,95,95,95,0,0,0,95.0,95.0,0,0,0,0,0,0,0,0,0,0,0,0,0,0,0,0,0,0,1
2019-05-04,03:20:33,24,22,22,23,22,24,24,22,23,22,22,24,24,0,0,0,22.83,24.0,95,95,95,95,95,95,95,95,95,95,95,95,95,0,0,0,95.0,95.0,0,0,0,0,0,0,0,0,0,0,0,0,0,0,0,0,0,0,1
2019-05-04,03:21:33,24,22,22,23,22,24,24,22,24,22,22,24,23,0,0,0,22.92,23.0,95,95,95,95,95,95,95,95,95,95,95,95,95,0,0,0,95.0,95.0,0,0,0,0,0,0,0,0,0,0,0,0,0,0,0,0,0,0,1
2019-05-04,03:22:33,24,22,22,23,22,23,24,22,24,22,23,24,24,0,0,0,22.92,24.0,95,95,95,95,95,95,95,95,95,95,95,95,95,0,0,0,95.0,95.0,0,0,0,0,0,0,0,0,0,0,0,0,0,0,0,0,0,0,1
2019-05-04,03:23:33,24,22,22,23,22,23,24,22,25,22,21,24,24,0,0,0,22.83,24.0,95,95,95,95,95,95,95,95,95,95,94,95,95,0,0,0,94.92,95.0,0,0,0,0,0,0,0,0,0,0,0,0,0,0,0,0,0,0,1
2019-05-04,03:24:33,24,22,22,23,22,23,24,22,24,22,22,24,24,0,0,0,22.83,24.0,95,95,95,95,95,95,95,95,95,95,95,95,95,0,0,0,95.0,95.0,0,0,0,0,0,0,0,0,0,0,0,0,0,0,0,0,0,0,1
2019-05-04,03:25:33,24,22,22,23,22,23,24,22,24,22,22,24,24,0,0,0,22.83,24.0,95,95,95,95,95,95,95,95,95,95,95,95,95,0,0,0,95.0,95.0,0,0,0,0,0,0,0,0,0,0,0,0,0,0,0,0,0,0,1
2019-05-04,03:26:33,24,21,22,23,22,24,24,22,24,22,22,24,24,0,0,0,22.83,24.0,95,94,95,95,95,95,95,95,95,95,95,95,95,0,0,0,94.92,95.0,0,0,0,0,0,0,0,0,0,0,0,0,0,0,0,0,0,0,1
2019-05-04,03:27:34,24,22,22,23,22,23,24,22,24,22,22,24,24,0,0,0,22.83,24.0,95,95,95,95,95,95,95,95,95,95,95,95,95,0,0,0,95.0,95.0,0,0,0,0,0,0,0,0,0,0,0,0,0,0,0,0,0,0,1
2019-05-04,03:28:34,24,22,22,23,23,23,24,22,24,22,22,24,24,0,0,0,22.92,24.0,95,95,95,95,95,95,95,95,95,95,95,95,95,0,0,0,95.0,95.0,0,0,0,0,0,0,0,0,0,0,0,0,0,0,0,0,0,0,1
2019-05-04,03:29:35,24,22,22,22,22,23,24,22,24,22,22,24,24,0,0,0,22.75,24.0,95,95,95,95,95,95,95,95,95,95,95,95,95,0,0,0,95.0,95.0,0,0,0,0,0,0,0,0,0,0,0,0,0,0,0,0,0,0,1
2019-05-04,03:30:35,25,22,22,22,22,23,24,22,24,22,22,24,23,0,0,0,22.83,23.0,95,95,95,95,95,95,95,95,95,95,95,95,95,0,0,0,95.0,95.0,0,0,0,0,0,0,0,0,0,0,0,0,0,0,0,0,0,0,1
2019-05-04,03:31:35,24,22,22,22,22,23,24,22,24,22,22,24,23,0,0,0,22.75,23.0,95,95,95,95,95,95,95,95,95,95,95,95,95,0,0,0,95.0,95.0,0,0,0,0,0,0,0,0,0,0,0,0,0,0,0,0,0,0,1
2019-05-04,03:32:35,24,22,22,22,22,23,24,22,24,22,22,23,23,0,0,0,22.67,23.0,95,95,95,95,95,95,95,95,95,95,95,95,95,0,0,0,95.0,95.0,0,0,0,0,0,0,0,0,0,0,0,0,0,0,0,0,0,0,1
2019-05-04,03:33:35,24,22,22,22,22,23,24,22,24,22,22,23,23,0,0,0,22.67,23.0,95,95,95,95,95,95,95,95,95,95,95,95,95,0,0,0,95.0,95.0,0,0,0,0,0,0,0,0,0,0,0,0,0,0,0,0,0,0,1
2019-05-04,03:34:35,24,21,22,22,22,23,24,22,24,22,22,23,23,0,0,0,22.58,23.0,95,94,95,95,95,95,95,95,95,95,95,95,95,0,0,0,94.92,95.0,0,0,0,0,0,0,0,0,0,0,0,0,0,0,0,0,0,0,1
2019-05-04,03:35:35,24,22,22,22,23,23,24,22,24,22,22,23,23,0,0,0,22.75,23.0,95,95,95,95,95,95,95,95,95,95,95,95,95,0,0,0,95.0,95.0,0,0,0,0,0,0,0,0,0,0,0,0,0,0,0,0,0,0,1
2019-05-04,03:36:35,24,22,22,22,22,23,24,22,23,22,23,23,23,0,0,0,22.67,23.0,95,95,95,95,95,95,95,95,95,95,95,95,95,0,0,0,95.0,95.0,0,0,0,0,0,0,0,0,0,0,0,0,0,0,0,0,0,0,1
2019-05-04,03:37:35,24,22,22,22,23,23,24,22,24,22,22,24,23,0,0,0,22.83,23.0,95,95,95,95,95,95,95,95,95,95,95,95,95,0,0,0,95.0,95.0,0,0,0,0,0,0,0,0,0,0,0,0,0,0,0,0,0,0,1
2019-05-04,03:38:35,24,22,22,22,22,23,24,22,23,22,22,23,23,0,0,0,22.58,23.0,95,95,95,95,95,95,95,95,95,95,95,95,95,0,0,0,95.0,95.0,0,0,0,0,0,0,0,0,0,0,0,0,0,0,0,0,0,0,1
2019-05-04,03:39:35,24,22,22,22,22,23,24,22,24,21,21,23,23,0,0,0,22.5,23.0,95,95,95,95,95,95,95,95,95,94,94,95,95,0,0,0,94.83,95.0,0,0,0,0,0,0,0,0,0,0,0,0,0,0,0,0,0,0,1
2019-05-04,03:40:35,24,22,22,22,22,23,24,22,24,22,22,23,23,0,0,0,22.67,23.0,95,95,95,95,95,95,95,95,95,95,95,95,95,0,0,0,95.0,95.0,0,0,0,0,0,0,0,0,0,0,0,0,0,0,0,0,0,0,1
2019-05-04,03:41:35,24,22,22,22,22,23,24,22,24,22,22,23,23,0,0,0,22.67,23.0,95,95,95,95,95,95,95,95,95,95,95,95,95,0,0,0,95.0,95.0,0,0,0,0,0,0,0,0,0,0,0,0,0,0,0,0,0,0,1
2019-05-04,03:42:36,24,22,22,22,22,23,24,22,24,22,21,23,23,0,0,0,22.58,23.0,95,95,95,95,95,95,95,95,95,95,94,95,95,0,0,0,94.92,95.0,0,0,0,0,0,0,0,0,0,0,0,0,0,0,0,0,0,0,1
2019-05-04,03:43:36,24,22,22,22,22,23,24,22,24,22,22,23,23,0,0,0,22.67,23.0,95,95,95,95,95,95,95,95,95,95,95,95,95,0,0,0,95.0,95.0,0,0,0,0,0,0,0,0,0,0,0,0,0,0,0,0,0,0,1
2019-05-04,03:44:36,24,22,22,22,22,23,24,22,23,22,22,23,23,0,0,0,22.58,23.0,95,95,95,95,95,95,95,95,95,95,95,95,95,0,0,0,95.0,95.0,0,0,0,0,0,0,0,0,0,0,0,0,0,0,0,0,0,0,1
2019-05-04,03:45:36,24,21,22,22,22,23,24,22,24,22,22,23,23,0,0,0,22.58,23.0,95,94,95,95,95,95,95,95,95,95,95,95,95,0,0,0,94.92,95.0,0,0,0,0,0,0,0,0,0,0,0,0,0,0,0,0,0,0,1
2019-05-04,03:46:36,24,21,22,22,23,23,24,22,24,22,21,23,23,0,0,0,22.58,23.0,95,94,95,95,95,95,95,95,95,95,94,95,95,0,0,0,94.83,95.0,0,0,0,0,0,0,0,0,0,0,0,0,0,0,0,0,0,0,1
2019-05-04,03:47:36,24,22,22,22,22,23,24,22,24,22,22,23,23,0,0,0,22.67,23.0,95,95,95,95,95,95,95,95,95,95,95,95,95,0,0,0,95.0,95.0,0,0,0,0,0,0,0,0,0,0,0,0,0,0,0,0,0,0,1
2019-05-04,03:48:36,24,22,22,22,22,23,24,22,24,22,22,23,23,0,0,0,22.67,23.0,95,95,95,95,95,95,95,95,95,95,95,95,95,0,0,0,95.0,95.0,0,0,0,0,0,0,0,0,0,0,0,0,0,0,0,0,0,0,1
2019-05-04,03:49:36,24,21,22,22,22,23,24,22,23,22,22,23,23,0,0,0,22.5,23.0,95,94,95,95,95,95,95,95,95,95,95,95,95,0,0,0,94.92,95.0,0,0,0,0,0,0,0,0,0,0,0,0,0,0,0,0,0,0,1
2019-05-04,03:50:36,24,22,22,22,21,23,24,21,24,22,22,23,23,0,0,0,22.5,23.0,95,95,95,95,94,95,95,94,95,95,95,95,95,0,0,0,94.83,95.0,0,0,0,0,0,0,0,0,0,0,0,0,0,0,0,0,0,0,1
2019-05-04,03:51:36,24,22,22,22,22,23,24,22,24,21,22,23,23,0,0,0,22.58,23.0,95,95,95,95,95,95,95,95,95,94,95,95,95,0,0,0,94.92,95.0,0,0,0,0,0,0,0,0,0,0,0,0,0,0,0,0,0,0,1
2019-05-04,03:52:36,24,22,22,22,22,23,24,21,23,21,22,23,23,0,0,0,22.42,23.0,95,95,95,95,95,95,95,94,95,94,95,95,95,0,0,0,94.83,95.0,0,0,0,0,0,0,0,0,0,0,0,0,0,0,0,0,0,0,1
2019-05-04,03:53:36,24,22,22,22,22,23,24,22,24,22,21,23,23,0,0,0,22.58,23.0,95,95,95,95,95,95,95,95,95,95,94,95,95,0,0,0,94.92,95.0,0,0,0,0,0,0,0,0,0,0,0,0,0,0,0,0,0,0,1
2019-05-04,03:54:36,24,22,22,22,22,23,24,22,24,21,22,23,23,0,0,0,22.58,23.0,95,95,95,95,95,95,95,95,95,94,95,95,95,0,0,0,94.92,95.0,0,0,0,0,0,0,0,0,0,0,0,0,0,0,0,0,0,0,1
2019-05-04,03:55:36,24,22,21,22,22,23,24,22,23,22,23,23,23,0,0,0,22.58,23.0,95,95,94,95,95,95,95,95,95,95,95,95,95,0,0,0,94.92,95.0,0,0,0,0,0,0,0,0,0,0,0,0,0,0,0,0,0,0,1
2019-05-04,03:56:36,24,21,22,22,22,23,23,22,23,21,21,23,23,0,0,0,22.25,23.0,95,94,95,95,95,95,95,95,95,94,94,95,95,0,0,0,94.75,95.0,0,0,0,0,0,0,0,0,0,0,0,0,0,0,0,0,0,0,1
2019-05-04,03:57:36,24,21,22,22,22,23,23,21,23,21,21,23,23,0,0,0,22.17,23.0,95,94,95,95,95,95,95,94,95,94,94,95,95,0,0,0,94.67,95.0,0,0,0,0,0,0,0,0,0,0,0,0,0,0,0,0,0,0,1
2019-05-04,03:58:37,24,21,22,22,22,23,23,21,23,21,21,23,23,0,0,0,22.17,23.0,95,94,95,95,95,95,95,94,95,94,94,95,95,0,0,0,94.67,95.0,0,0,0,0,0,0,0,0,0,0,0,0,0,0,0,0,0,0,1
2019-05-04,03:59:37,24,22,22,22,22,23,23,22,23,21,21,23,23,0,0,0,22.33,23.0,95,95,95,95,95,95,95,95,95,94,94,95,95,0,0,0,94.83,95.0,0,0,0,0,0,0,0,0,0,0,0,0,0,0,0,0,0,0,1
2019-05-04,04:00:37,24,22,22,22,22,23,23,22,23,21,20,23,23,0,0,0,22.25,23.0,95,95,95,95,95,95,95,95,95,94,93,95,95,0,0,0,94.75,95.0,0,0,0,0,0,0,0,0,0,0,0,0,0,0,0,0,0,0,1
2019-05-04,04:01:37,24,21,22,22,22,23,23,22,23,21,22,23,23,0,0,0,22.33,23.0,95,94,95,95,95,95,95,95,95,94,95,95,95,0,0,0,94.83,95.0,0,0,0,0,0,0,0,0,0,0,0,0,0,0,0,0,0,0,1
2019-05-04,04:02:37,24,21,22,22,22,23,23,22,23,20,21,23,23,0,0,0,22.17,23.0,95,94,95,95,95,95,95,95,95,93,94,95,95,0,0,0,94.67,95.0,0,0,0,0,0,0,0,0,0,0,0,0,0,0,0,0,0,0,1
2019-05-04,04:03:37,24,22,22,22,22,23,23,22,23,21,21,23,23,0,0,0,22.33,23.0,95,95,95,95,95,95,95,95,95,94,94,95,95,0,0,0,94.83,95.0,0,0,0,0,0,0,0,0,0,0,0,0,0,0,0,0,0,0,1
2019-05-04,04:04:37,24,21,22,22,22,23,23,22,23,21,21,23,23,0,0,0,22.25,23.0,95,94,95,95,95,95,95,95,95,94,94,95,95,0,0,0,94.75,95.0,0,0,0,0,0,0,0,0,0,0,0,0,0,0,0,0,0,0,1
2019-05-04,04:05:37,24,21,22,22,22,23,23,22,23,21,21,23,23,0,0,0,22.25,23.0,95,94,95,95,95,95,95,95,95,94,94,95,95,0,0,0,94.75,95.0,0,0,0,0,0,0,0,0,0,0,0,0,0,0,0,0,0,0,1
2019-05-04,04:06:37,23,21,22,22,22,23,24,22,23,22,21,23,23,0,0,0,22.33,23.0,95,94,95,95,95,95,95,95,95,95,94,95,95,0,0,0,94.83,95.0,0,0,0,0,0,0,0,0,0,0,0,0,0,0,0,0,0,0,1
2019-05-04,04:07:37,24,21,22,22,22,23,23,22,23,21,21,23,23,0,0,0,22.25,23.0,95,94,95,95,95,95,95,95,95,94,94,95,95,0,0,0,94.75,95.0,0,0,0,0,0,0,0,0,0,0,0,0,0,0,0,0,0,0,1
2019-05-04,04:08:37,24,22,21,22,22,23,23,22,24,21,21,23,23,0,0,0,22.33,23.0,95,95,94,95,95,95,95,95,95,94,94,95,95,0,0,0,94.75,95.0,0,0,0,0,0,0,0,0,0,0,0,0,0,0,0,0,0,0,1
2019-05-04,04:09:37,24,21,22,22,21,23,23,21,23,21,21,23,23,0,0,0,22.08,23.0,95,94,95,95,94,95,95,94,95,94,94,95,95,0,0,0,94.58,95.0,0,0,0,0,0,0,0,0,0,0,0,0,0,0,0,0,0,0,1
2019-05-04,04:10:37,24,22,22,22,23,23,24,22,23,21,21,23,23,0,0,0,22.5,23.0,95,95,95,95,95,95,95,95,95,94,94,95,95,0,0,0,94.83,95.0,0,0,0,0,0,0,0,0,0,0,0,0,0,0,0,0,0,0,1
2019-05-04,04:11:37,23,21,22,22,22,23,23,21,23,21,21,23,23,0,0,0,22.08,23.0,95,94,95,95,95,95,95,94,95,94,94,95,95,0,0,0,94.67,95.0,0,0,0,0,0,0,0,0,0,0,0,0,0,0,0,0,0,0,1
2019-05-04,04:12:37,24,21,22,22,22,23,23,22,23,21,21,23,23,0,0,0,22.25,23.0,95,94,95,95,95,95,95,95,95,94,94,95,95,0,0,0,94.75,95.0,0,0,0,0,0,0,0,0,0,0,0,0,0,0,0,0,0,0,1
2019-05-04,04:13:37,24,22,22,22,22,23,23,21,23,21,20,23,23,0,0,0,22.17,23.0,95,95,95,95,95,95,95,94,95,94,93,95,95,0,0,0,94.67,95.0,0,0,0,0,0,0,0,0,0,0,0,0,0,0,0,0,0,0,1
2019-05-04,04:14:38,23,21,22,22,22,23,23,22,23,21,21,23,23,0,0,0,22.17,23.0,95,94,95,95,95,95,95,95,95,94,94,95,95,0,0,0,94.75,95.0,0,0,0,0,0,0,0,0,0,0,0,0,0,0,0,0,0,0,1
2019-05-04,04:15:38,24,22,22,22,22,23,23,22,23,21,21,23,23,0,0,0,22.33,23.0,95,95,95,95,95,95,95,95,95,94,94,95,95,0,0,0,94.83,95.0,0,0,0,0,0,0,0,0,0,0,0,0,0,0,0,0,0,0,1
2019-05-04,04:16:39,24,21,22,22,22,23,23,22,23,21,22,23,23,0,0,0,22.33,23.0,95,94,95,95,95,95,95,95,95,94,95,95,95,0,0,0,94.83,95.0,0,0,0,0,0,0,0,0,0,0,0,0,0,0,0,0,0,0,1
2019-05-04,04:17:39,24,22,22,22,22,23,23,22,23,21,22,23,23,0,0,0,22.42,23.0,95,95,95,95,95,95,95,95,95,94,95,95,95,0,0,0,94.92,95.0,0,0,0,0,0,0,0,0,0,0,0,0,0,0,0,0,0,0,1
2019-05-04,04:18:39,23,22,22,22,21,23,23,22,23,21,22,23,23,0,0,0,22.25,23.0,95,95,95,95,94,95,95,95,95,94,95,95,95,0,0,0,94.83,95.0,0,0,0,0,0,0,0,0,0,0,0,0,0,0,0,0,0,0,1
2019-05-04,04:19:39,23,21,22,22,22,23,23,22,24,22,21,23,23,0,0,0,22.33,23.0,95,94,95,95,95,95,95,95,95,95,94,95,95,0,0,0,94.83,95.0,0,0,0,0,0,0,0,0,0,0,0,0,0,0,0,0,0,0,1
2019-05-04,04:20:39,24,22,22,22,21,23,23,22,23,21,21,23,23,0,0,0,22.25,23.0,95,95,95,95,94,95,95,95,95,94,94,95,95,0,0,0,94.75,95.0,0,0,0,0,0,0,0,0,0,0,0,0,0,0,0,0,0,0,1
2019-05-04,04:21:39,24,21,22,22,22,23,23,22,23,21,22,23,23,0,0,0,22.33,23.0,95,94,95,95,95,95,95,95,95,94,95,95,95,0,0,0,94.83,95.0,0,0,0,0,0,0,0,0,0,0,0,0,0,0,0,0,0,0,1
2019-05-04,04:22:39,24,21,22,22,22,23,23,22,23,21,21,23,23,0,0,0,22.25,23.0,95,94,95,95,95,95,95,95,95,94,94,95,95,0,0,0,94.75,95.0,0,0,0,0,0,0,0,0,0,0,0,0,0,0,0,0,0,0,1
2019-05-04,04:23:39,24,21,22,22,23,23,23,22,23,21,21,23,23,0,0,0,22.33,23.0,95,94,95,95,95,95,95,95,95,94,94,95,95,0,0,0,94.75,95.0,0,0,0,0,0,0,0,0,0,0,0,0,0,0,0,0,0,0,1
2019-05-04,04:24:40,24,21,22,22,22,23,23,22,23,22,21,23,23,0,0,0,22.33,23.0,95,94,95,95,95,95,95,95,95,95,94,95,95,0,0,0,94.83,95.0,0,0,0,0,0,0,0,0,0,0,0,0,0,0,0,0,0,0,1
2019-05-04,04:25:40,24,21,22,22,22,23,23,22,23,21,21,23,23,0,0,0,22.25,23.0,95,94,95,95,95,95,95,95,95,94,94,95,95,0,0,0,94.75,95.0,0,0,0,0,0,0,0,0,0,0,0,0,0,0,0,0,0,0,1
2019-05-04,04:26:40,24,21,21,22,22,23,23,21,23,21,21,23,23,0,0,0,22.08,23.0,95,94,94,95,95,95,95,94,95,94,94,95,95,0,0,0,94.58,95.0,0,0,0,0,0,0,0,0,0,0,0,0,0,0,0,0,0,0,1
2019-05-04,04:27:40,24,21,22,22,21,23,23,22,24,21,21,23,23,0,0,0,22.25,23.0,95,94,95,95,94,95,95,95,95,94,94,95,95,0,0,0,94.67,95.0,0,0,0,0,0,0,0,0,0,0,0,0,0,0,0,0,0,0,1
2019-05-04,04:28:40,24,21,22,22,22,23,23,22,23,21,21,23,23,0,0,0,22.25,23.0,95,94,95,95,95,95,95,95,95,94,94,95,95,0,0,0,94.75,95.0,0,0,0,0,0,0,0,0,0,0,0,0,0,0,0,0,0,0,1
2019-05-04,04:29:40,24,22,22,22,22,23,23,22,23,21,21,23,23,0,0,0,22.33,23.0,95,95,95,95,95,95,95,95,95,94,94,95,95,0,0,0,94.83,95.0,0,0,0,0,0,0,0,0,0,0,0,0,0,0,0,0,0,0,1
2019-05-04,04:30:41,24,21,22,22,22,23,23,22,23,21,21,23,23,0,0,0,22.25,23.0,95,94,95,95,95,95,95,95,95,94,94,95,95,0,0,0,94.75,95.0,0,0,0,0,0,0,0,0,0,0,0,0,0,0,0,0,0,0,1
2019-05-04,04:31:41,24,21,22,22,22,23,23,22,24,21,21,23,23,0,0,0,22.33,23.0,95,94,95,95,95,95,95,95,95,94,94,95,95,0,0,0,94.75,95.0,0,0,0,0,0,0,0,0,0,0,0,0,0,0,0,0,0,0,1
2019-05-04,04:32:41,24,21,22,22,22,23,23,22,23,21,21,23,23,0,0,0,22.25,23.0,95,94,95,95,95,95,95,95,95,94,94,95,95,0,0,0,94.75,95.0,0,0,0,0,0,0,0,0,0,0,0,0,0,0,0,0,0,0,1
2019-05-04,04:33:41,24,22,22,22,22,23,23,22,23,21,22,23,23,0,0,0,22.42,23.0,95,95,95,95,95,95,95,95,95,94,95,95,95,0,0,0,94.92,95.0,0,0,0,0,0,0,0,0,0,0,0,0,0,0,0,0,0,0,1
2019-05-04,04:34:41,24,21,22,22,21,23,24,22,23,22,21,23,23,0,0,0,22.33,23.0,95,94,95,95,94,95,95,95,95,95,94,95,95,0,0,0,94.75,95.0,0,0,0,0,0,0,0,0,0,0,0,0,0,0,0,0,0,0,1
2019-05-04,04:35:41,24,21,22,22,22,23,23,22,23,22,21,23,23,0,0,0,22.33,23.0,95,94,95,95,95,95,95,95,95,95,94,95,95,0,0,0,94.83,95.0,0,0,0,0,0,0,0,0,0,0,0,0,0,0,0,0,0,0,1
2019-05-04,04:36:41,24,21,21,22,22,23,24,21,23,22,21,23,23,0,0,0,22.25,23.0,95,94,94,95,95,95,95,94,95,95,94,95,95,0,0,0,94.67,95.0,0,0,0,0,0,0,0,0,0,0,0,0,0,0,0,0,0,0,1
2019-05-04,04:37:42,24,21,22,22,22,23,24,22,23,21,21,23,23,0,0,0,22.33,23.0,95,94,95,95,95,95,95,95,95,94,94,95,95,0,0,0,94.75,95.0,0,0,0,0,0,0,0,0,0,0,0,0,0,0,0,0,0,0,1
2019-05-04,04:38:42,24,22,22,22,22,23,24,21,24,21,22,23,23,0,0,0,22.5,23.0,95,95,95,95,95,95,95,94,95,94,95,95,95,0,0,0,94.83,95.0,0,0,0,0,0,0,0,0,0,0,0,0,0,0,0,0,0,0,1
2019-05-04,04:39:42,16,22,22,22,22,23,24,22,23,22,22,23,23,0,0,0,21.92,23.0,95,95,95,95,95,95,95,95,95,95,95,95,95,0,0,0,95.0,95.0,0,0,0,0,0,0,0,0,0,0,0,0,0,0,0,0,0,0,1
2019-05-04,04:40:42,24,21,22,22,22,23,24,22,23,21,20,23,23,0,0,0,22.25,23.0,95,94,95,95,95,95,95,95,95,94,93,95,95,0,0,0,94.67,95.0,0,0,0,0,0,0,0,0,0,0,0,0,0,0,0,0,0,0,1
2019-05-04,04:41:42,24,22,21,22,22,23,24,22,24,21,22,23,23,0,0,0,22.5,23.0,95,95,94,95,95,95,95,95,95,94,95,95,95,0,0,0,94.83,95.0,0,0,0,0,0,0,0,0,0,0,0,0,0,0,0,0,0,0,1
2019-05-04,04:42:42,24,22,22,22,22,23,24,22,23,21,22,23,23,0,0,0,22.5,23.0,95,95,95,95,95,95,95,95,95,94,95,95,95,0,0,0,94.92,95.0,0,0,0,0,0,0,0,0,0,0,0,0,0,0,0,0,0,0,1
2019-05-04,04:43:42,24,21,22,22,22,23,24,22,23,21,21,23,23,0,0,0,22.33,23.0,95,94,95,95,95,95,95,95,95,94,94,95,95,0,0,0,94.75,95.0,0,0,0,0,0,0,0,0,0,0,0,0,0,0,0,0,0,0,1
2019-05-04,04:44:42,24,21,22,22,21,23,23,22,23,21,21,23,23,0,0,0,22.17,23.0,95,94,95,95,94,95,95,95,95,94,94,95,95,0,0,0,94.67,95.0,0,0,0,0,0,0,0,0,0,0,0,0,0,0,0,0,0,0,1
2019-05-04,04:45:43,24,21,22,22,22,23,23,22,24,22,21,23,23,0,0,0,22.42,23.0,95,94,95,95,95,95,95,95,95,95,94,95,95,0,0,0,94.83,95.0,0,0,0,0,0,0,0,0,0,0,0,0,0,0,0,0,0,0,1
2019-05-04,04:46:43,23,22,22,22,22,23,24,22,23,22,21,23,23,0,0,0,22.42,23.0,95,95,95,95,95,95,95,95,95,95,94,95,95,0,0,0,94.92,95.0,0,0,0,0,0,0,0,0,0,0,0,0,0,0,0,0,0,0,1
2019-05-04,04:47:43,24,21,22,22,22,23,24,22,23,21,21,23,23,0,0,0,22.33,23.0,95,94,95,95,95,95,95,95,95,94,94,95,95,0,0,0,94.75,95.0,0,0,0,0,0,0,0,0,0,0,0,0,0,0,0,0,0,0,1
2019-05-04,04:48:43,24,22,22,22,22,23,23,22,23,22,23,23,23,0,0,0,22.58,23.0,95,95,95,95,95,95,95,95,95,95,95,95,95,0,0,0,95.0,95.0,0,0,0,0,0,0,0,0,0,0,0,0,0,0,0,0,0,0,1
2019-05-04,04:49:44,24,21,22,22,22,23,23,22,23,22,20,23,23,0,0,0,22.25,23.0,95,94,95,95,95,95,95,95,95,95,93,95,95,0,0,0,94.75,95.0,0,0,0,0,0,0,0,0,0,0,0,0,0,0,0,0,0,0,1
2019-05-04,04:50:44,24,21,21,22,22,23,23,22,23,22,21,23,23,0,0,0,22.25,23.0,95,94,94,95,95,95,95,95,95,95,94,95,95,0,0,0,94.75,95.0,0,0,0,0,0,0,0,0,0,0,0,0,0,0,0,0,0,0,1
2019-05-04,04:51:45,24,21,22,22,22,23,23,21,23,21,21,23,23,0,0,0,22.17,23.0,95,94,95,95,95,95,95,94,95,94,94,95,95,0,0,0,94.67,95.0,0,0,0,0,0,0,0,0,0,0,0,0,0,0,0,0,0,0,1
2019-05-04,04:52:45,23,21,22,22,22,23,23,21,23,21,21,23,23,0,0,0,22.08,23.0,95,94,95,95,95,95,95,94,95,94,94,95,95,0,0,0,94.67,95.0,0,0,0,0,0,0,0,0,0,0,0,0,0,0,0,0,0,0,1
2019-05-04,04:53:46,24,21,21,22,22,23,23,21,23,21,20,23,23,0,0,0,22.0,23.0,95,94,94,95,95,95,95,94,95,94,93,95,95,0,0,0,94.5,95.0,0,0,0,0,0,0,0,0,0,0,0,0,0,0,0,0,0,0,1
2019-05-04,04:54:46,24,21,22,22,22,23,23,21,23,21,21,23,23,0,0,0,22.17,23.0,95,94,95,95,95,95,95,94,95,94,94,95,95,0,0,0,94.67,95.0,0,0,0,0,0,0,0,0,0,0,0,0,0,0,0,0,0,0,1
2019-05-04,04:55:46,24,21,21,22,22,23,23,21,23,22,22,23,23,0,0,0,22.25,23.0,95,94,94,95,95,95,95,94,95,95,95,95,95,0,0,0,94.75,95.0,0,0,0,0,0,0,0,0,0,0,0,0,0,0,0,0,0,0,1
2019-05-04,04:56:46,24,22,21,22,22,23,23,21,23,21,21,23,23,0,0,0,22.17,23.0,95,95,94,95,95,95,95,94,95,94,94,95,95,0,0,0,94.67,95.0,0,0,0,0,0,0,0,0,0,0,0,0,0,0,0,0,0,0,1
2019-05-04,04:57:46,24,21,21,22,22,23,23,21,23,21,22,23,23,0,0,0,22.17,23.0,95,94,94,95,95,95,95,94,95,94,95,95,95,0,0,0,94.67,95.0,0,0,0,0,0,0,0,0,0,0,0,0,0,0,0,0,0,0,1
2019-05-04,04:58:46,24,21,21,22,22,23,23,21,23,21,21,23,23,0,0,0,22.08,23.0,95,94,94,95,95,95,95,94,95,94,94,95,95,0,0,0,94.58,95.0,0,0,0,0,0,0,0,0,0,0,0,0,0,0,0,0,0,0,1
2019-05-04,04:59:46,23,21,22,22,22,23,23,21,23,21,23,23,23,0,0,0,22.25,23.0,95,94,95,95,95,95,95,94,95,94,95,95,95,0,0,0,94.75,95.0,0,0,0,0,0,0,0,0,0,0,0,0,0,0,0,0,0,0,1
2019-05-04,05:00:46,24,22,22,22,22,23,23,21,23,21,22,23,23,0,0,0,22.33,23.0,95,95,95,95,95,95,95,94,95,94,95,95,95,0,0,0,94.83,95.0,0,0,0,0,0,0,0,0,0,0,0,0,0,0,0,0,0,0,1
2019-05-04,05:01:47,24,21,21,22,22,23,23,21,24,21,21,23,23,0,0,0,22.17,23.0,95,94,94,95,95,95,95,94,95,94,94,95,95,0,0,0,94.58,95.0,0,0,0,0,0,0,0,0,0,0,0,0,0,0,0,0,0,0,1
2019-05-04,05:02:47,24,21,22,22,21,23,23,21,23,21,21,23,23,0,0,0,22.08,23.0,95,94,95,95,94,95,95,94,95,94,94,95,95,0,0,0,94.58,95.0,0,0,0,0,0,0,0,0,0,0,0,0,0,0,0,0,0,0,1
2019-05-04,05:03:47,24,21,21,22,22,23,23,21,23,21,21,23,23,0,0,0,22.08,23.0,95,94,94,95,95,95,95,94,95,94,94,95,95,0,0,0,94.58,95.0,0,0,0,0,0,0,0,0,0,0,0,0,0,0,0,0,0,0,1
2019-05-04,05:04:47,23,21,22,22,22,23,23,22,23,21,21,23,23,0,0,0,22.17,23.0,95,94,95,95,95,95,95,95,95,94,94,95,95,0,0,0,94.75,95.0,0,0,0,0,0,0,0,0,0,0,0,0,0,0,0,0,0,0,1
2019-05-04,05:05:47,24,21,21,22,21,23,23,21,23,21,22,23,23,0,0,0,22.08,23.0,95,94,94,95,94,95,95,94,95,94,95,95,95,0,0,0,94.58,95.0,0,0,0,0,0,0,0,0,0,0,0,0,0,0,0,0,0,0,1
2019-05-04,05:06:47,23,21,21,22,21,23,23,21,23,21,21,23,23,0,0,0,21.92,23.0,95,94,94,95,94,95,95,94,95,94,94,95,95,0,0,0,94.5,95.0,0,0,0,0,0,0,0,0,0,0,0,0,0,0,0,0,0,0,1
2019-05-04,05:07:47,24,21,22,22,22,23,23,21,23,21,21,23,23,0,0,0,22.17,23.0,95,94,95,95,95,95,95,94,95,94,94,95,95,0,0,0,94.67,95.0,0,0,0,0,0,0,0,0,0,0,0,0,0,0,0,0,0,0,1
2019-05-04,05:08:48,23,21,21,22,22,23,23,21,23,21,21,23,23,0,0,0,22.0,23.0,95,94,94,95,95,95,95,94,95,94,94,95,95,0,0,0,94.58,95.0,0,0,0,0,0,0,0,0,0,0,0,0,0,0,0,0,0,0,1
2019-05-04,05:09:48,24,21,21,21,22,22,23,21,23,21,21,23,23,0,0,0,21.92,23.0,95,94,94,94,95,95,95,94,95,94,94,95,95,0,0,0,94.5,95.0,0,0,0,0,0,0,0,0,0,0,0,0,0,0,0,0,0,0,1
2019-05-04,05:10:48,23,21,21,22,21,23,23,21,23,21,21,23,23,0,0,0,21.92,23.0,95,94,94,95,94,95,95,94,95,94,94,95,95,0,0,0,94.5,95.0,0,0,0,0,0,0,0,0,0,0,0,0,0,0,0,0,0,0,1
2019-05-04,05:11:48,24,21,21,22,22,22,23,22,23,21,23,23,23,0,0,0,22.25,23.0,95,94,94,95,95,95,95,95,95,94,95,95,95,0,0,0,94.75,95.0,0,0,0,0,0,0,0,0,0,0,0,0,0,0,0,0,0,0,1
2019-05-04,05:12:48,23,21,21,22,21,23,23,21,23,21,21,23,23,0,0,0,21.92,23.0,95,94,94,95,94,95,95,94,95,94,94,95,95,0,0,0,94.5,95.0,0,0,0,0,0,0,0,0,0,0,0,0,0,0,0,0,0,0,1
2019-05-04,05:13:48,23,21,21,22,22,23,23,21,23,21,22,23,23,0,0,0,22.08,23.0,95,94,94,95,95,95,95,94,95,94,95,95,95,0,0,0,94.67,95.0,0,0,0,0,0,0,0,0,0,0,0,0,0,0,0,0,0,0,1
2019-05-04,05:14:48,23,21,21,22,22,23,23,21,23,21,21,23,23,0,0,0,22.0,23.0,95,94,94,95,95,95,95,94,95,94,94,95,87,0,0,0,94.58,87.0,0,0,0,0,0,0,0,0,0,0,0,0,0,0,0,0,0,0,1
2019-05-04,05:15:48,23,21,21,22,21,23,23,21,23,21,21,23,23,0,0,0,21.92,23.0,95,94,94,95,94,95,95,94,95,94,94,95,95,0,0,0,94.5,95.0,0,0,0,0,0,0,0,0,0,0,0,0,0,0,0,0,0,0,1
2019-05-04,05:16:49,23,21,21,22,21,23,23,21,23,21,21,23,23,0,0,0,21.92,23.0,95,94,94,95,94,95,95,94,95,94,94,95,95,0,0,0,94.5,95.0,0,0,0,0,0,0,0,0,0,0,0,0,0,0,0,0,0,0,1
2019-05-04,05:17:49,23,21,22,22,22,23,23,21,23,21,20,23,23,0,0,0,22.0,23.0,95,94,95,95,95,95,95,94,95,94,93,95,95,0,0,0,94.58,95.0,0,0,0,0,0,0,0,0,0,0,0,0,0,0,0,0,0,0,1
2019-05-04,05:18:50,23,21,21,22,22,23,23,21,23,21,21,23,23,0,0,0,22.0,23.0,95,94,94,95,95,95,95,94,95,94,94,95,95,0,0,0,94.58,95.0,0,0,0,0,0,0,0,0,0,0,0,0,0,0,0,0,0,0,1
2019-05-04,05:19:50,23,21,21,22,21,23,23,21,23,21,21,23,23,0,0,0,21.92,23.0,95,94,94,95,94,95,95,94,95,94,94,95,95,0,0,0,94.5,95.0,0,0,0,0,0,0,0,0,0,0,0,0,0,0,0,0,0,0,1
2019-05-04,05:20:50,23,21,22,22,22,23,23,21,23,21,21,23,23,0,0,0,22.08,23.0,95,94,95,95,95,95,95,94,95,94,94,95,95,0,0,0,94.67,95.0,0,0,0,0,0,0,0,0,0,0,0,0,0,0,0,0,0,0,1
2019-05-04,05:21:51,23,21,22,22,22,23,23,21,23,21,21,23,23,0,0,0,22.08,23.0,95,94,95,95,95,95,95,94,95,94,94,95,95,0,0,0,94.67,95.0,0,0,0,0,0,0,0,0,0,0,0,0,0,0,0,0,0,0,1
2019-05-04,05:22:52,23,21,22,22,22,23,23,21,23,21,21,23,23,0,0,0,22.08,23.0,95,94,95,95,95,95,95,94,95,94,94,95,95,0,0,0,94.67,95.0,0,0,0,0,0,0,0,0,0,0,0,0,0,0,0,0,0,0,1
2019-05-04,05:23:53,23,22,21,22,22,23,23,22,23,22,22,23,23,0,0,0,22.33,23.0,95,95,94,95,95,95,95,95,95,95,95,95,95,0,0,0,94.92,95.0,0,0,0,0,0,0,0,0,0,0,0,0,0,0,0,0,0,0,1
2019-05-04,05:24:53,23,21,22,22,22,23,23,21,23,21,20,23,23,0,0,0,22.0,23.0,95,94,95,95,95,95,95,94,95,94,93,95,95,0,0,0,94.58,95.0,0,0,0,0,0,0,0,0,0,0,0,0,0,0,0,0,0,0,1
2019-05-04,05:25:54,24,22,22,22,22,23,23,22,23,21,21,23,23,0,0,0,22.33,23.0,95,95,95,95,95,95,95,95,95,94,94,95,95,0,0,0,94.83,95.0,0,0,0,0,0,0,0,0,0,0,0,0,0,0,0,0,0,0,1
2019-05-04,05:26:54,24,21,22,22,22,23,23,22,23,22,21,23,23,0,0,0,22.33,23.0,95,94,95,95,95,95,95,95,95,95,94,95,95,0,0,0,94.83,95.0,0,0,0,0,0,0,0,0,0,0,0,0,0,0,0,0,0,0,1
2019-05-04,05:27:54,23,21,22,22,22,23,23,22,24,21,21,23,23,0,0,0,22.25,23.0,95,94,95,95,95,95,95,95,95,94,94,95,95,0,0,0,94.75,95.0,0,0,0,0,0,0,0,0,0,0,0,0,0,0,0,0,0,0,1
2019-05-04,05:28:54,24,21,21,22,22,23,23,22,23,20,21,23,23,0,0,0,22.08,23.0,95,94,94,95,95,95,95,95,95,93,94,95,95,0,0,0,94.58,95.0,0,0,0,0,0,0,0,0,0,0,0,0,0,0,0,0,0,0,1
2019-05-04,05:29:54,24,21,22,22,22,23,23,22,23,21,20,23,23,0,0,0,22.17,23.0,95,94,95,95,95,95,95,95,95,94,93,95,95,0,0,0,94.67,95.0,0,0,0,0,0,0,0,0,0,0,0,0,0,0,0,0,0,0,1
2019-05-04,05:30:54,24,21,22,22,21,23,23,22,23,21,21,23,23,0,0,0,22.17,23.0,95,94,95,95,94,95,95,95,95,94,94,95,95,0,0,0,94.67,95.0,0,0,0,0,0,0,0,0,0,0,0,0,0,0,0,0,0,0,1
2019-05-04,05:31:54,24,21,22,22,22,23,23,21,23,21,22,23,23,0,0,0,22.25,23.0,95,94,95,95,95,95,95,94,95,94,95,95,95,0,0,0,94.75,95.0,0,0,0,0,0,0,0,0,0,0,0,0,0,0,0,0,0,0,1
2019-05-04,05:32:54,24,22,22,22,22,23,23,22,23,21,21,23,23,0,0,0,22.33,23.0,95,95,95,95,95,95,95,95,95,94,94,95,95,0,0,0,94.83,95.0,0,0,0,0,0,0,0,0,0,0,0,0,0,0,0,0,0,0,1
2019-05-04,05:33:54,24,21,22,22,22,23,23,21,23,21,21,23,23,0,0,0,22.17,23.0,95,94,95,95,95,95,95,94,95,94,94,95,95,0,0,0,94.67,95.0,0,0,0,0,0,0,0,0,0,0,0,0,0,0,0,0,0,0,1
2019-05-04,05:34:54,24,22,22,22,22,23,23,21,23,21,21,23,23,0,0,0,22.25,23.0,95,95,95,95,95,95,95,94,95,94,94,95,95,0,0,0,94.75,95.0,0,0,0,0,0,0,0,0,0,0,0,0,0,0,0,0,0,0,1
2019-05-04,05:35:54,24,21,22,22,22,23,23,21,23,21,20,23,23,0,0,0,22.08,23.0,95,94,95,95,95,95,95,94,95,94,93,95,95,0,0,0,94.58,95.0,0,0,0,0,0,0,0,0,0,0,0,0,0,0,0,0,0,0,1
2019-05-04,05:36:54,24,21,22,22,22,23,23,21,23,21,21,23,23,0,0,0,22.17,23.0,95,94,95,95,95,95,95,94,95,94,94,95,95,0,0,0,94.67,95.0,0,0,0,0,0,0,0,0,0,0,0,0,0,0,0,0,0,0,1
2019-05-04,05:37:54,23,21,22,22,22,23,23,21,23,21,22,23,23,0,0,0,22.17,23.0,95,94,95,95,95,95,95,94,95,94,95,95,95,0,0,0,94.75,95.0,0,0,0,0,0,0,0,0,0,0,0,0,0,0,0,0,0,0,1
2019-05-04,05:38:54,24,21,22,22,22,23,23,21,23,21,21,23,23,0,0,0,22.17,23.0,95,94,95,95,95,95,95,94,95,94,94,95,95,0,0,0,94.67,95.0,0,0,0,0,0,0,0,0,0,0,0,0,0,0,0,0,0,0,1
2019-05-04,05:39:55,24,21,21,22,22,23,23,22,23,21,21,23,23,0,0,0,22.17,23.0,95,94,94,95,95,95,95,95,95,94,94,95,95,0,0,0,94.67,95.0,0,0,0,0,0,0,0,0,0,0,0,0,0,0,0,0,0,0,1
2019-05-04,05:40:55,24,21,21,22,22,23,23,21,23,21,21,23,23,0,0,0,22.08,23.0,95,94,94,95,95,95,95,94,95,94,94,95,95,0,0,0,94.58,95.0,0,0,0,0,0,0,0,0,0,0,0,0,0,0,0,0,0,0,1
2019-05-04,05:41:55,23,21,21,22,22,23,23,21,23,21,21,23,23,0,0,0,22.0,23.0,95,94,94,95,95,95,95,94,95,94,94,95,95,0,0,0,94.58,95.0,0,0,0,0,0,0,0,0,0,0,0,0,0,0,0,0,0,0,1
2019-05-04,05:42:55,23,21,21,22,22,23,23,21,23,22,21,23,23,0,0,0,22.08,23.0,95,94,94,95,95,95,95,94,95,95,94,95,95,0,0,0,94.67,95.0,0,0,0,0,0,0,0,0,0,0,0,0,0,0,0,0,0,0,1
2019-05-04,05:43:55,24,21,21,22,22,23,23,21,23,21,21,23,23,0,0,0,22.08,23.0,95,94,94,95,95,95,95,94,95,94,94,95,95,0,0,0,94.58,95.0,0,0,0,0,0,0,0,0,0,0,0,0,0,0,0,0,0,0,1
2019-05-04,05:44:55,24,21,21,22,22,23,23,21,23,21,21,23,23,0,0,0,22.08,23.0,95,94,94,95,95,95,95,94,95,94,94,95,95,0,0,0,94.58,95.0,0,0,0,0,0,0,0,0,0,0,0,0,0,0,0,0,0,0,1
2019-05-04,05:45:55,23,21,21,22,22,23,23,21,23,21,21,23,23,0,0,0,22.0,23.0,95,94,94,95,95,95,95,94,95,94,94,95,95,0,0,0,94.58,95.0,0,0,0,0,0,0,0,0,0,0,0,0,0,0,0,0,0,0,1
2019-05-04,05:46:56,23,21,21,22,21,23,23,21,23,21,21,23,23,0,0,0,21.92,23.0,95,94,94,95,94,95,95,94,95,94,94,95,95,0,0,0,94.5,95.0,0,0,0,0,0,0,0,0,0,0,0,0,0,0,0,0,0,0,1
2019-05-04,05:47:56,23,21,21,22,22,23,23,22,23,21,22,23,23,0,0,0,22.17,23.0,95,94,94,95,95,95,95,95,95,94,95,95,95,0,0,0,94.75,95.0,0,0,0,0,0,0,0,0,0,0,0,0,0,0,0,0,0,0,1
2019-05-04,05:48:56,23,21,21,22,22,22,23,22,23,21,21,23,23,0,0,0,22.0,23.0,95,94,94,95,95,95,95,95,95,94,94,95,95,0,0,0,94.67,95.0,0,0,0,0,0,0,0,0,0,0,0,0,0,0,0,0,0,0,1
2019-05-04,05:49:56,23,21,21,22,22,23,23,21,24,22,22,23,23,0,0,0,22.25,23.0,95,94,94,95,95,95,95,94,95,95,95,95,95,0,0,0,94.75,95.0,0,0,0,0,0,0,0,0,0,0,0,0,0,0,0,0,0,0,1
2019-05-04,05:50:56,24,21,21,22,22,23,23,21,23,21,20,23,23,0,0,0,22.0,23.0,95,94,94,95,95,95,95,94,95,94,93,95,95,0,0,0,94.5,95.0,0,0,0,0,0,0,0,0,0,0,0,0,0,0,0,0,0,0,1
2019-05-04,05:51:56,23,21,22,22,22,23,23,21,23,21,22,23,23,0,0,0,22.17,23.0,95,94,95,95,95,95,95,94,95,94,95,95,95,0,0,0,94.75,95.0,0,0,0,0,0,0,0,0,0,0,0,0,0,0,0,0,0,0,1
2019-05-04,05:52:56,24,21,22,22,22,23,23,21,23,21,20,23,23,0,0,0,22.08,23.0,95,94,95,95,95,95,95,94,95,94,93,95,95,0,0,0,94.58,95.0,0,0,0,0,0,0,0,0,0,0,0,0,0,0,0,0,0,0,1
2019-05-04,05:53:57,24,21,21,22,21,23,23,21,23,21,22,23,23,0,0,0,22.08,23.0,95,94,94,95,94,95,95,94,95,94,95,95,95,0,0,0,94.58,95.0,0,0,0,0,0,0,0,0,0,0,0,0,0,0,0,0,0,0,1
2019-05-04,05:54:57,23,21,21,22,21,23,23,21,23,21,21,23,23,0,0,0,21.92,23.0,95,94,94,95,94,95,95,94,95,94,94,95,95,0,0,0,94.5,95.0,0,0,0,0,0,0,0,0,0,0,0,0,0,0,0,0,0,0,1
2019-05-04,05:55:57,23,21,21,22,22,23,23,21,23,21,21,23,23,0,0,0,22.0,23.0,95,94,94,95,95,95,95,94,95,94,94,95,95,0,0,0,94.58,95.0,0,0,0,0,0,0,0,0,0,0,0,0,0,0,0,0,0,0,1
2019-05-04,05:56:57,24,21,21,22,22,22,23,21,23,21,21,23,23,0,0,0,22.0,23.0,95,94,94,95,95,95,95,94,95,94,94,95,95,0,0,0,94.58,95.0,0,0,0,0,0,0,0,0,0,0,0,0,0,0,0,0,0,0,1
2019-05-04,05:57:57,24,21,22,22,22,23,23,21,23,22,22,23,23,0,0,0,22.33,23.0,95,94,95,95,95,95,95,94,95,95,95,95,95,0,0,0,94.83,95.0,0,0,0,0,0,0,0,0,0,0,0,0,0,0,0,0,0,0,1
2019-05-04,05:58:57,24,21,22,22,22,23,23,21,23,21,21,23,23,0,0,0,22.17,23.0,95,94,95,95,95,95,95,94,95,94,94,95,95,0,0,0,94.67,95.0,0,0,0,0,0,0,0,0,0,0,0,0,0,0,0,0,0,0,1
2019-05-04,05:59:57,23,21,22,22,22,23,23,22,23,21,21,23,23,0,0,0,22.17,23.0,95,94,95,95,95,95,95,95,95,94,94,95,95,0,0,0,94.75,95.0,0,0,0,0,0,0,0,0,0,0,0,0,0,0,0,0,0,0,1
2019-05-04,06:00:57,23,21,22,22,22,23,23,21,24,21,21,23,23,0,0,0,22.17,23.0,95,94,95,95,95,95,95,94,95,94,94,95,95,0,0,0,94.67,95.0,0,0,0,0,0,0,0,0,0,0,0,0,0,0,0,0,0,0,1
2019-05-04,06:01:57,24,21,22,22,22,23,23,22,23,21,22,23,23,0,0,0,22.33,23.0,95,94,95,95,95,95,95,95,95,94,95,95,95,0,0,0,94.83,95.0,0,0,0,0,0,0,0,0,0,0,0,0,0,0,0,0,0,0,1
2019-05-04,06:02:57,24,21,22,22,22,23,23,21,23,21,20,23,23,0,0,0,22.08,23.0,95,94,95,95,95,95,95,94,95,94,93,95,95,0,0,0,94.58,95.0,0,0,0,0,0,0,0,0,0,0,0,0,0,0,0,0,0,0,1
2019-05-04,06:03:57,24,21,22,22,22,23,23,21,23,21,23,23,23,0,0,0,22.33,23.0,95,94,95,95,95,95,95,94,95,94,95,95,95,0,0,0,94.75,95.0,0,0,0,0,0,0,0,0,0,0,0,0,0,0,0,0,0,0,1
2019-05-04,06:04:57,24,21,21,22,21,23,23,22,23,21,21,23,23,0,0,0,22.08,23.0,95,94,94,95,94,95,95,95,95,94,94,95,95,0,0,0,94.58,95.0,0,0,0,0,0,0,0,0,0,0,0,0,0,0,0,0,0,0,1
2019-05-04,06:05:57,24,21,21,22,21,23,23,21,23,21,21,23,23,0,0,0,22.0,23.0,95,94,94,95,94,95,95,94,95,94,94,95,95,0,0,0,94.5,95.0,0,0,0,0,0,0,0,0,0,0,0,0,0,0,0,0,0,0,1
2019-05-04,06:06:57,23,21,22,22,22,22,23,21,23,21,21,23,23,0,0,0,22.0,23.0,95,94,95,95,95,95,95,94,95,94,94,95,95,0,0,0,94.67,95.0,0,0,0,0,0,0,0,0,0,0,0,0,0,0,0,0,0,0,1
2019-05-04,06:07:57,23,21,22,22,21,22,23,21,24,21,22,23,23,0,0,0,22.08,23.0,95,94,95,95,94,95,95,94,95,94,95,95,95,0,0,0,94.67,95.0,0,0,0,0,0,0,0,0,0,0,0,0,0,0,0,0,0,0,1
2019-05-04,06:08:57,24,21,21,22,22,23,23,21,23,21,21,23,23,0,0,0,22.08,23.0,95,94,94,95,95,95,95,94,95,94,94,95,95,0,0,0,94.58,95.0,0,0,0,0,0,0,0,0,0,0,0,0,0,0,0,0,0,0,1
2019-05-04,06:09:57,23,21,21,22,22,23,23,21,23,21,21,23,23,0,0,0,22.0,23.0,95,94,94,95,95,95,95,94,95,94,94,95,95,0,0,0,94.58,95.0,0,0,0,0,0,0,0,0,0,0,0,0,0,0,0,0,0,0,1
2019-05-04,06:10:57,23,21,21,22,21,23,23,22,23,22,21,23,23,0,0,0,22.08,23.0,95,94,94,95,94,95,95,95,95,95,94,95,95,0,0,0,94.67,95.0,0,0,0,0,0,0,0,0,0,0,0,0,0,0,0,0,0,0,1
2019-05-04,06:11:57,24,21,21,22,21,23,23,21,23,21,21,23,23,0,0,0,22.0,23.0,95,94,94,95,94,95,95,94,95,94,94,95,95,0,0,0,94.5,95.0,0,0,0,0,0,0,0,0,0,0,0,0,0,0,0,0,0,0,1
2019-05-04,06:12:57,23,21,21,22,22,23,23,21,23,21,20,23,23,0,0,0,21.92,23.0,95,94,94,95,95,95,95,94,95,94,93,95,95,0,0,0,94.5,95.0,0,0,0,0,0,0,0,0,0,0,0,0,0,0,0,0,0,0,1
2019-05-04,06:13:57,24,21,21,22,22,23,23,21,23,21,21,23,23,0,0,0,22.08,23.0,95,94,94,95,95,95,95,94,95,94,94,95,95,0,0,0,94.58,95.0,0,0,0,0,0,0,0,0,0,0,0,0,0,0,0,0,0,0,1
2019-05-04,06:14:57,24,22,22,22,22,23,23,22,23,21,21,23,23,0,0,0,22.33,23.0,95,95,95,95,95,95,95,95,95,94,94,95,95,0,0,0,94.83,95.0,0,0,0,0,0,0,0,0,0,0,0,0,0,0,0,0,0,0,1
2019-05-04,06:15:57,24,21,22,22,22,23,23,22,24,21,21,24,23,0,0,0,22.42,23.0,95,94,95,95,95,95,95,95,95,94,94,95,95,0,0,0,94.75,95.0,0,0,0,0,0,0,0,0,0,0,0,0,0,0,0,0,0,0,1
2019-05-04,06:16:57,24,21,22,22,22,23,24,21,24,22,21,23,24,0,0,0,22.42,24.0,95,94,95,95,95,95,95,94,95,95,94,95,95,0,0,0,94.75,95.0,0,0,0,0,0,0,0,0,0,0,0,0,0,0,0,0,0,0,1
2019-05-04,06:19:09,24,22,22,22,22,24,24,22,24,22,22,23,24,0,0,0,22.75,24.0,95,95,95,95,95,95,95,95,95,95,95,95,95,0,0,0,95.0,95.0,0,0,0,0,0,0,0,0,0,0,0,0,0,0,0,0,0,0,1
2019-05-04,06:23:07,24,22,22,22,22,24,24,22,24,22,22,24,24,0,0,0,22.83,24.0,95,95,95,95,95,95,95,95,95,95,95,95,95,0,0,0,95.0,95.0,0,0,0,0,0,0,0,0,0,0,0,0,0,0,0,0,0,0,1
2019-05-04,06:27:49,24,22,22,23,23,24,24,22,24,22,23,24,24,0,0,0,23.08,24.0,95,95,95,95,95,95,95,95,95,95,95,95,95,0,0,0,95.0,95.0,0,0,0,0,0,0,0,0,0,0,0,0,0,0,0,0,0,0,1
2019-05-04,06:31:02,25,22,22,23,23,24,24,23,24,22,23,24,24,0,0,0,23.25,24.0,95,95,95,95,95,95,95,95,95,95,95,95,95,0,0,0,95.0,95.0,0,0,0,0,0,0,0,0,0,0,0,0,0,0,0,0,0,0,1
2019-05-04,06:34:31,25,23,22,23,23,24,24,23,24,22,23,25,24,0,0,0,23.42,24.0,95,95,95,95,95,95,95,95,95,95,95,95,95,0,0,0,95.0,95.0,0,0,0,0,0,0,0,0,0,0,0,0,0,0,0,0,0,0,1
2019-05-04,06:35:49,25,23,23,23,23,24,25,23,25,23,23,25,24,0,0,0,23.75,24.0,95,95,95,95,95,95,95,95,95,95,95,95,95,0,0,0,95.0,95.0,0,0,0,0,0,0,0,0,0,0,0,0,0,0,0,0,0,0,1
2019-05-04,06:38:29,25,23,23,23,23,26,25,24,25,23,24,25,26,0,0,0,24.08,26.0,95,95,95,95,95,95,95,95,95,95,95,95,95,0,0,0,95.0,95.0,0,0,0,0,0,0,0,0,0,0,0,0,0,0,0,0,0,0,1
2019-05-04,07:00:06,25,23,26,27,27,26,29,27,28,24,24,29,29,0,0,0,26.25,29.0,95,95,93,87,95,95,90,85,82,95,95,95,95,0,0,0,91.83,95.0,0,0,0,0,0,0,0,0,0,0,0,0,0,0,0,0,0,0,1
2019-05-04,07:31:09,31,31,28,32,27,34,32,33,31,30,31,33,29,0,0,0,31.08,29.0,79,62,74,58,95,61,70,60,69,71,70,83,92,0,0,0,71.0,92.0,0,0,0,0,0,0,0,0,0,0,0,0,0,0,0,0,0,0,1
2019-05-04,08:18:38,31,33,30,32,32,32,32,33,32,32,34,37,32,0,0,0,32.5,32.0,80,51,67,58,81,71,70,61,64,63,55,71,70,0,0,0,66.0,70.0,0,0,0,0,0,0,0,0,0,0,0,0,0,0,0,0,0,0,1
2019-05-04,09:29:52,31,33,30,31,35,32,35,34,32,34,35,34,32,0,0,0,33.0,32.0,80,50,64,57,67,70,58,56,64,56,53,81,70,0,0,0,63.0,70.0,0,0,0,0,0,0,0,0,0,0,0,0,0,0,0,0,0,0,1
